num_simulations,num_observation,algorithm,C2ST
10000,1,JASS,0.6327000260353088
20000,1,JASS,0.6126499772071838
30000,1,JASS,0.5831500291824341
40000,1,JASS,0.5870000123977661
