num_simulations,num_observation,algorithm,EMDP2
10000,1,JASS,0.2631809796419819
20000,1,JASS,0.42280836648673786
30000,1,JASS,0.3416113740433904
40000,1,JASS,0.3381382790431272
