num_simulations,num_observation,algorithm,MMD
10000,1,JASS,0.0005108118057250977
20000,1,JASS,0.0061681270599365234
30000,1,JASS,0.005094766616821289
40000,1,JASS,0.004961490631103516
