num_simulations,num_observation,algorithm,C2ST
2500,2,SNLE,0.6419000029563904
5000,2,SNLE,0.7698000073432922
7500,2,SNLE,0.5819000005722046
10000,2,SNLE,0.5610499978065491
