num_simulations,num_observation,algorithm,EMDP2
2500,2,SNLE,0.4606119406980622
5000,2,SNLE,0.540613701246044
7500,2,SNLE,0.22390502885678865
10000,2,SNLE,0.03774916565439865
