num_simulations,num_observation,algorithm,C2ST
20000,1,SNPE,0.9070000052452087
40000,1,SNPE,0.8403000235557556
60000,1,SNPE,0.814050018787384
80000,1,SNPE,0.7178500294685364
