num_simulations,num_observation,algorithm,EMDP2
20000,1,SNPE,1.948993556153602
40000,1,SNPE,1.1732289446152429
60000,1,SNPE,1.0335877281148236
80000,1,SNPE,0.6189252656319266
