num_simulations,num_observation,algorithm,MMD
20000,1,SNPE,0.05635499954223633
40000,1,SNPE,0.016385674476623535
60000,1,SNPE,0.015119075775146484
80000,1,SNPE,0.005423307418823242
