num_simulations,num_observation,algorithm,C2ST
20000,10,SNLE,0.7928000092506409
40000,10,SNLE,0.6204000115394592
60000,10,SNLE,0.5663999915122986
80000,10,SNLE,0.5572999715805054
