num_simulations,num_observation,algorithm,EMDP2
20000,10,SNLE,0.9070125764868869
40000,10,SNLE,0.5804490600458996
60000,10,SNLE,0.4665538416511296
80000,10,SNLE,0.4490921120424456
