num_simulations,num_observation,algorithm,MMD
20000,10,SNLE,0.04395437240600586
40000,10,SNLE,0.011903166770935059
60000,10,SNLE,0.0036586523056030273
80000,10,SNLE,0.0024911165237426758
