num_simulations,num_observation,algorithm,C2ST
1000,6,SNPE,0.7396500110626221
2000,6,SNPE,0.7352499961853027
3000,6,SNPE,0.6628999710083008
4000,6,SNPE,0.6284000277519226
5000,6,SNPE,0.6057000160217285
6000,6,SNPE,0.5891000032424927
7000,6,SNPE,0.5654500126838684
8000,6,SNPE,0.5622000098228455
9000,6,SNPE,0.5595999956130981
10000,6,SNPE,0.5590999722480774
