num_simulations,num_observation,algorithm,MMD
1000,6,SNPE,0.000431060791015625
2000,6,SNPE,0.0005127191543579102
3000,6,SNPE,0.0002429485321044922
4000,6,SNPE,0.00014340877532958984
5000,6,SNPE,0.00019598007202148438
6000,6,SNPE,0.0003070831298828125
7000,6,SNPE,0.00016319751739501953
8000,6,SNPE,0.00020170211791992188
9000,6,SNPE,0.00022709369659423828
10000,6,SNPE,2.1219253540039062e-05
