num_simulations,num_observation,algorithm,C2ST
1000,7,SNLE,0.7055000066757202
2000,7,SNLE,0.6351000070571899
3000,7,SNLE,0.6161500215530396
4000,7,SNLE,0.6068999767303467
5000,7,SNLE,0.6259999871253967
6000,7,SNLE,0.6298999786376953
7000,7,SNLE,0.5839499831199646
8000,7,SNLE,0.5925999879837036
9000,7,SNLE,0.596750020980835
10000,7,SNLE,0.5934500098228455
