num_simulations,num_observation,algorithm,EMDP2
1000,7,SNLE,1.0895446880491508
2000,7,SNLE,0.7980622614632741
3000,7,SNLE,0.7746133015537545
4000,7,SNLE,0.7872448175134615
5000,7,SNLE,0.9053910993628935
6000,7,SNLE,0.885070234272512
7000,7,SNLE,0.6973880684131036
8000,7,SNLE,0.7468380873803453
9000,7,SNLE,0.7406618183169866
10000,7,SNLE,0.7420480102594215
