num_simulations,num_observation,algorithm,MMD
1000,7,SNLE,0.1305369734764099
2000,7,SNLE,0.056884765625
3000,7,SNLE,0.049544334411621094
4000,7,SNLE,0.057512640953063965
5000,7,SNLE,0.08142876625061035
6000,7,SNLE,0.07637083530426025
7000,7,SNLE,0.04150998592376709
8000,7,SNLE,0.053391218185424805
9000,7,SNLE,0.05087852478027344
10000,7,SNLE,0.05310225486755371
