num_simulations,num_observation,algorithm,C2ST
1000,1,SNPE,0.7874500155448914
2000,1,SNPE,0.7868000268936157
3000,1,SNPE,0.8064500093460083
4000,1,SNPE,0.7865999937057495
5000,1,SNPE,0.7942500114440918
6000,1,SNPE,0.7817000150680542
7000,1,SNPE,0.776449978351593
8000,1,SNPE,0.7864999771118164
9000,1,SNPE,0.7807000279426575
10000,1,SNPE,0.8032500147819519
