num_simulations,num_observation,algorithm,EMDP2
1000,1,SNPE,0.41623758654199533
2000,1,SNPE,0.4531268973501998
3000,1,SNPE,0.47153850464321184
4000,1,SNPE,0.4576743907855693
5000,1,SNPE,0.4717304231047537
6000,1,SNPE,0.47351907187095726
7000,1,SNPE,0.4781373880022911
8000,1,SNPE,0.4634330040272267
9000,1,SNPE,0.4631734374616774
10000,1,SNPE,0.4431040320199346
