num_simulations,num_observation,algorithm,MMD
1000,1,SNPE,0.004628658294677734
2000,1,SNPE,0.006156325340270996
3000,1,SNPE,0.0071446895599365234
4000,1,SNPE,0.006315946578979492
5000,1,SNPE,0.007088065147399902
6000,1,SNPE,0.00680088996887207
7000,1,SNPE,0.006754636764526367
8000,1,SNPE,0.007121562957763672
9000,1,SNPE,0.006773471832275391
10000,1,SNPE,0.0049550533294677734
