num_simulations,num_observation,algorithm,C2ST
1000,1,SNPE,0.6387500166893005
2000,1,SNPE,0.5731499791145325
3000,1,SNPE,0.6022499799728394
4000,1,SNPE,0.565850019454956
5000,1,SNPE,0.5332499742507935
6000,1,SNPE,0.5213000178337097
7000,1,SNPE,0.5241000056266785
8000,1,SNPE,0.5197499990463257
9000,1,SNPE,0.5344499945640564
10000,1,SNPE,0.5195500254631042
