num_simulations,num_observation,algorithm,EMDP2
1000,1,SNPE,0.32331316534570514
2000,1,SNPE,0.1436274481384919
3000,1,SNPE,0.18102042085269013
4000,1,SNPE,0.12485486696273158
5000,1,SNPE,0.10268395693839392
6000,1,SNPE,0.15993191377494653
7000,1,SNPE,0.1371442381293919
8000,1,SNPE,0.10473645977984974
9000,1,SNPE,0.1553976709840306
10000,1,SNPE,0.13622454307981696
