num_simulations,num_observation,algorithm,MMD
1000,1,SNPE,0.0012129545211791992
2000,1,SNPE,1.6450881958007812e-05
3000,1,SNPE,0.00017952919006347656
4000,1,SNPE,-3.266334533691406e-05
5000,1,SNPE,-2.467632293701172e-05
6000,1,SNPE,6.663799285888672e-05
7000,1,SNPE,1.0967254638671875e-05
8000,1,SNPE,2.6226043701171875e-06
9000,1,SNPE,4.5418739318847656e-05
10000,1,SNPE,4.3511390686035156e-05
