num_simulations,num_observation,algorithm,C2ST
4000,1,SNLE,0.7799999713897705
8000,1,SNLE,0.7071999907493591
12000,1,SNLE,0.7137500047683716
16000,1,SNLE,0.6987000107765198
20000,1,SNLE,0.6563000082969666
24000,1,SNLE,0.6211000084877014
28000,1,SNLE,0.651449978351593
32000,1,SNLE,0.609250009059906
36000,1,SNLE,0.6388499736785889
40000,1,SNLE,0.6863499879837036
