num_simulations,num_observation,algorithm,EMDP2
4000,1,SNLE,0.20194798542289424
8000,1,SNLE,0.1651227433749577
12000,1,SNLE,0.1847991644451835
16000,1,SNLE,0.1298977889094741
20000,1,SNLE,0.07893680933185024
24000,1,SNLE,0.07085013663025791
28000,1,SNLE,0.12385715823571984
32000,1,SNLE,0.07368843669598445
36000,1,SNLE,0.09878921867906953
40000,1,SNLE,0.142384478128307
