num_simulations,num_observation,algorithm,MMD
4000,1,SNLE,0.06602758169174194
8000,1,SNLE,0.03684467077255249
12000,1,SNLE,0.04620349407196045
16000,1,SNLE,0.029303669929504395
20000,1,SNLE,0.011629462242126465
24000,1,SNLE,0.0062760114669799805
28000,1,SNLE,0.05202949047088623
32000,1,SNLE,0.004587054252624512
36000,1,SNLE,0.02528858184814453
40000,1,SNLE,0.05483043193817139
