num_simulations,num_observation,algorithm,C2ST
20000,8,JASS,0.9879999756813049
40000,8,JASS,0.9929500222206116
60000,8,JASS,0.9957000017166138
80000,8,JASS,0.9945999979972839
