num_simulations,num_observation,algorithm,EMDP2
20000,8,JASS,3.6791977032923495
40000,8,JASS,3.59920323439894
60000,8,JASS,3.953117253338419
80000,8,JASS,3.558957061421891
