num_simulations,num_observation,algorithm,MMD
20000,8,JASS,0.15043127536773682
40000,8,JASS,0.13123047351837158
60000,8,JASS,0.15797889232635498
80000,8,JASS,0.12934136390686035
