num_simulations,num_observation,algorithm,C2ST
5000,7,SNPE,0.6870499849319458
10000,7,SNPE,0.6501500010490417
