num_simulations,num_observation,algorithm,EMDP2
5000,7,SNPE,1.0280864276254558
10000,7,SNPE,0.710896098470568
