num_simulations,num_observation,algorithm,C2ST
10000,1,SNPE,0.7427999973297119
20000,1,SNPE,0.7218000292778015
30000,1,SNPE,0.7835500240325928
40000,1,SNPE,0.7875000238418579
