num_simulations,num_observation,algorithm,EMDP2
10000,1,SNPE,0.3730243820826257
20000,1,SNPE,0.44502188518628444
30000,1,SNPE,0.42317990805108135
40000,1,SNPE,0.40858536930666856
