num_simulations,num_observation,algorithm,MMD
10000,1,SNPE,0.004213094711303711
20000,1,SNPE,0.006680488586425781
30000,1,SNPE,0.003957629203796387
40000,1,SNPE,0.0037741661071777344
