num_simulations,num_observation,algorithm,C2ST
1000,1,SNPE,0.781499981880188
2000,1,SNPE,0.7924000024795532
3000,1,SNPE,0.8034499883651733
4000,1,SNPE,0.8125500082969666
5000,1,SNPE,0.7907000184059143
6000,1,SNPE,0.790149986743927
7000,1,SNPE,0.7856000065803528
8000,1,SNPE,0.7835999727249146
9000,1,SNPE,0.7763500213623047
10000,1,SNPE,0.7785000205039978
