num_simulations,num_observation,algorithm,EMDP2
1000,1,SNPE,0.3508081646674545
2000,1,SNPE,0.418537291681057
3000,1,SNPE,0.4798407039831843
4000,1,SNPE,0.4718303004914237
5000,1,SNPE,0.43883380247481235
6000,1,SNPE,0.4376414881328446
7000,1,SNPE,0.42591769265105456
8000,1,SNPE,0.4164705212877121
9000,1,SNPE,0.382327620746366
10000,1,SNPE,0.3745859614072187
