num_simulations,num_observation,algorithm,MMD
1000,1,SNPE,0.002912282943725586
2000,1,SNPE,0.006293058395385742
3000,1,SNPE,0.009020447731018066
4000,1,SNPE,0.007686018943786621
5000,1,SNPE,0.005088090896606445
6000,1,SNPE,0.004812002182006836
7000,1,SNPE,0.004810690879821777
8000,1,SNPE,0.0046312808990478516
9000,1,SNPE,0.003706693649291992
10000,1,SNPE,0.0034704208374023438
