num_simulations,num_observation,algorithm,C2ST
1000,8,SNPE,0.7302500009536743
2000,8,SNPE,0.691100001335144
3000,8,SNPE,0.6741999983787537
4000,8,SNPE,0.6353999972343445
5000,8,SNPE,0.6139000058174133
6000,8,SNPE,0.5938500165939331
7000,8,SNPE,0.6033499836921692
8000,8,SNPE,0.5794000029563904
9000,8,SNPE,0.6017500162124634
10000,8,SNPE,0.5881500244140625
