num_simulations,num_observation,algorithm,EMDP2
1000,8,SNPE,0.061255917142238256
2000,8,SNPE,0.063232308280939
3000,8,SNPE,0.057886631934884566
4000,8,SNPE,0.059023320226818436
5000,8,SNPE,0.06270682727254429
6000,8,SNPE,0.05827333402003533
7000,8,SNPE,0.060143268796305493
8000,8,SNPE,0.057645389139326625
9000,8,SNPE,0.06244892637668864
10000,8,SNPE,0.05901895517408331
