num_simulations,num_observation,algorithm,MMD
1000,8,SNPE,0.0034513473510742188
2000,8,SNPE,0.002207040786743164
3000,8,SNPE,0.0008461475372314453
4000,8,SNPE,0.0013560056686401367
5000,8,SNPE,0.0006617307662963867
6000,8,SNPE,0.0012668371200561523
7000,8,SNPE,0.002010822296142578
8000,8,SNPE,0.0006301403045654297
9000,8,SNPE,0.00028526782989501953
10000,8,SNPE,0.0004876852035522461
