num_simulations,num_observation,algorithm,C2ST
10000,1,SNLE,0.7102000117301941
20000,1,SNLE,0.6585999727249146
30000,1,SNLE,0.6356499791145325
40000,1,SNLE,0.6010500192642212
