num_simulations,num_observation,algorithm,EMDP2
10000,1,SNLE,0.19798879137771222
20000,1,SNLE,0.09692694398098042
30000,1,SNLE,0.07899422684162016
40000,1,SNLE,0.0580821864107081
