num_simulations,num_observation,algorithm,MMD
10000,1,SNLE,0.10627996921539307
20000,1,SNLE,0.031581759452819824
30000,1,SNLE,0.02197265625
40000,1,SNLE,0.007825851440429688
