num_simulations,num_observation,algorithm,C2ST
2500,1,SEMPLE,0.6923499703407288
5000,1,SEMPLE,0.6794499754905701
7500,1,SEMPLE,0.6158999800682068
10000,1,SEMPLE,0.621999979019165
