num_simulations,num_observation,algorithm,EMDP2
2500,1,SEMPLE,0.35806073106153585
5000,1,SEMPLE,0.5654805456344639
7500,1,SEMPLE,0.4113065877736855
10000,1,SEMPLE,0.37299677361980027
