num_simulations,num_observation,algorithm,MMD
2500,1,SEMPLE,0.0009187459945678711
5000,1,SEMPLE,0.013037800788879395
7500,1,SEMPLE,0.005918383598327637
10000,1,SEMPLE,0.00561368465423584
