num_simulations,num_observation,algorithm,C2ST
20000,4,SNPE,0.8928499817848206
40000,4,SNPE,0.8632500171661377
60000,4,SNPE,0.8391500115394592
80000,4,SNPE,0.8279500007629395
