num_simulations,num_observation,algorithm,EMDP2
20000,4,SNPE,1.5064914182869054
40000,4,SNPE,1.3624355093653446
60000,4,SNPE,1.2047364459452279
80000,4,SNPE,1.4764098622527464
