num_simulations,num_observation,algorithm,MMD
20000,4,SNPE,0.1029549241065979
40000,4,SNPE,0.08319014310836792
60000,4,SNPE,0.0527801513671875
80000,4,SNPE,0.0901026725769043
