num_simulations,num_observation,algorithm,EMDP2
2500,8,SNPE,0.06688466615191871
5000,8,SNPE,0.0621042388548178
7500,8,SNPE,0.05598867962554509
10000,8,SNPE,0.06250688680118172
