num_simulations,num_observation,algorithm,C2ST
10000,1,JASS,0.8600999712944031
20000,1,JASS,0.7825999855995178
30000,1,JASS,0.7614499926567078
40000,1,JASS,0.7459499835968018
