num_simulations,num_observation,algorithm,EMDP2
10000,1,JASS,0.46732484899735316
20000,1,JASS,0.1646950034728608
30000,1,JASS,0.16048429474841355
40000,1,JASS,0.12968809384414434
