num_simulations,num_observation,algorithm,MMD
10000,1,JASS,0.21718829870224
20000,1,JASS,0.04606640338897705
30000,1,JASS,0.04960179328918457
40000,1,JASS,0.032767415046691895
