num_simulations,num_observation,algorithm,EMDP2
2500,5,SNPE,0.3793764570708637
5000,5,SNPE,0.2114631664816149
7500,5,SNPE,0.21683860113464407
10000,5,SNPE,0.285767443413
