num_simulations,num_observation,algorithm,EMDP2
2500,7,SNPE,0.04975581481301287
5000,7,SNPE,0.045315047624273436
7500,7,SNPE,0.040621368529786296
10000,7,SNPE,0.03607134576446926
