num_simulations,num_observation,algorithm,C2ST
4000,1,SNPE,0.9639000296592712
8000,1,SNPE,0.9599000215530396
12000,1,SNPE,0.9363999962806702
16000,1,SNPE,0.8833500146865845
20000,1,SNPE,0.8281499743461609
24000,1,SNPE,0.8088499903678894
28000,1,SNPE,0.7984499931335449
32000,1,SNPE,0.73785001039505
36000,1,SNPE,0.7473499774932861
40000,1,SNPE,0.6844000220298767
