num_simulations,num_observation,algorithm,EMDP2
4000,1,SNPE,1.9131282568866235
8000,1,SNPE,2.010292879230202
12000,1,SNPE,1.742801249984235
16000,1,SNPE,1.3418896655754884
20000,1,SNPE,1.0191698011421948
24000,1,SNPE,0.9131869224109249
28000,1,SNPE,0.7240891226809
32000,1,SNPE,0.6793402753031093
36000,1,SNPE,0.6266367915718266
40000,1,SNPE,0.4123563534983627
