num_simulations,num_observation,algorithm,MMD
4000,1,SNPE,0.39768171310424805
8000,1,SNPE,0.41881683468818665
12000,1,SNPE,0.3556586503982544
16000,1,SNPE,0.2565807104110718
20000,1,SNPE,0.15383803844451904
24000,1,SNPE,0.1164083480834961
28000,1,SNPE,0.06911605596542358
32000,1,SNPE,0.041056036949157715
36000,1,SNPE,0.04260408878326416
40000,1,SNPE,0.017672181129455566
