num_simulations,num_observation,algorithm,C2ST
4000,1,SNPE,0.7552000284194946
8000,1,SNPE,0.7378000020980835
12000,1,SNPE,0.7369999885559082
16000,1,SNPE,0.7454500198364258
20000,1,SNPE,0.738349974155426
24000,1,SNPE,0.7440500259399414
28000,1,SNPE,0.7314000129699707
32000,1,SNPE,0.7382500171661377
36000,1,SNPE,0.7610999941825867
40000,1,SNPE,0.75
