num_simulations,num_observation,algorithm,EMDP2
4000,1,SNPE,0.37710311447231165
8000,1,SNPE,0.4402804850910922
12000,1,SNPE,0.4650030933604135
16000,1,SNPE,0.4921114317494907
20000,1,SNPE,0.47207803993514896
24000,1,SNPE,0.499706626041457
28000,1,SNPE,0.5057057821817826
32000,1,SNPE,0.48037726927049385
36000,1,SNPE,0.47080532392413144
40000,1,SNPE,0.4807088824831897
