num_simulations,num_observation,algorithm,MMD
4000,1,SNPE,0.0032252073287963867
8000,1,SNPE,0.004797577857971191
12000,1,SNPE,0.004094839096069336
16000,1,SNPE,0.0051316022872924805
20000,1,SNPE,0.0052947998046875
24000,1,SNPE,0.0066449642181396484
28000,1,SNPE,0.006847858428955078
32000,1,SNPE,0.0060579776763916016
36000,1,SNPE,0.006004810333251953
40000,1,SNPE,0.006454825401306152
