num_simulations,num_observation,algorithm,C2ST
20000,8,SNLE,0.7557500004768372
40000,8,SNLE,0.5950499773025513
60000,8,SNLE,0.5741999745368958
80000,8,SNLE,0.5674999952316284
