num_simulations,num_observation,algorithm,EMDP2
20000,8,SNLE,1.1041697534959725
40000,8,SNLE,2.0671534793525863
60000,8,SNLE,1.5550217241708482
80000,8,SNLE,1.074257430099097
