num_simulations,num_observation,algorithm,MMD
20000,8,SNLE,0.0041713714599609375
40000,8,SNLE,0.02038717269897461
60000,8,SNLE,0.0072040557861328125
80000,8,SNLE,0.0018056631088256836
