num_simulations,num_observation,algorithm,C2ST
2500,1,SEMPLE,0.6819999814033508
5000,1,SEMPLE,0.6521000266075134
7500,1,SEMPLE,0.6101499795913696
10000,1,SEMPLE,0.6133000254631042
