num_simulations,num_observation,algorithm,EMDP2
2500,1,SEMPLE,0.6722166697260358
5000,1,SEMPLE,0.7228857490049813
7500,1,SEMPLE,0.34455393477239965
10000,1,SEMPLE,0.421662852464582
