num_simulations,num_observation,algorithm,MMD
2500,1,SEMPLE,0.018610358238220215
5000,1,SEMPLE,0.01981329917907715
7500,1,SEMPLE,0.002443552017211914
10000,1,SEMPLE,0.005736351013183594
