num_simulations,num_observation,algorithm,C2ST
20000,5,SNPE,0.8610000014305115
40000,5,SNPE,0.7688500285148621
60000,5,SNPE,0.7382500171661377
80000,5,SNPE,0.670199990272522
