num_simulations,num_observation,algorithm,EMDP2
20000,5,SNPE,1.5855599928756803
40000,5,SNPE,0.8657193431565477
60000,5,SNPE,1.1152383613364794
80000,5,SNPE,0.785389877736385
