num_simulations,num_observation,algorithm,MMD
20000,5,SNPE,0.023415327072143555
40000,5,SNPE,0.0029779672622680664
60000,5,SNPE,0.002999544143676758
80000,5,SNPE,0.0027865171432495117
