num_simulations,num_observation,algorithm,C2ST
10000,1,SNPE,0.7488999962806702
20000,1,SNPE,0.7377499938011169
30000,1,SNPE,0.7447999715805054
40000,1,SNPE,0.7444999814033508
