num_simulations,num_observation,algorithm,EMDP2
10000,1,SNPE,0.38380403423499776
20000,1,SNPE,0.4111275826132012
30000,1,SNPE,0.40114535815426583
40000,1,SNPE,0.3929893359676779
