num_simulations,num_observation,algorithm,MMD
10000,1,SNPE,0.004663348197937012
20000,1,SNPE,0.004271030426025391
30000,1,SNPE,0.0036526918411254883
40000,1,SNPE,0.0032470226287841797
