num_simulations,num_observation,algorithm,C2ST
10000,1,SNLE,0.8484500050544739
20000,1,SNLE,0.8585500121116638
30000,1,SNLE,0.8583999872207642
40000,1,SNLE,0.8666499853134155
