num_simulations,num_observation,algorithm,EMDP2
10000,1,SNLE,1.0255880438343115
20000,1,SNLE,0.8988850893760673
30000,1,SNLE,1.1263865840925174
40000,1,SNLE,1.2837052206387025
