num_simulations,num_observation,algorithm,MMD
10000,1,SNLE,0.07857608795166016
20000,1,SNLE,0.04983484745025635
30000,1,SNLE,0.09435343742370605
40000,1,SNLE,0.12846899032592773
