num_simulations,num_observation,algorithm,EMDP2
1000,1,SNLE,2.2082132859146006
2000,1,SNLE,2.627602339932662
3000,1,SNLE,2.8707612448017796
4000,1,SNLE,2.8904874544140857
5000,1,SNLE,2.7230977658094973
6000,1,SNLE,2.5077418968236245
7000,1,SNLE,2.3966766954316703
8000,1,SNLE,2.5737107070621352
9000,1,SNLE,2.595653068633608
10000,1,SNLE,2.513731573456566
