num_simulations,num_observation,algorithm,MMD
1000,1,SNLE,0.3464829921722412
2000,1,SNLE,0.5467787981033325
3000,1,SNLE,0.6462734341621399
4000,1,SNLE,0.652751088142395
5000,1,SNLE,0.5681027173995972
6000,1,SNLE,0.4526134729385376
7000,1,SNLE,0.42092442512512207
8000,1,SNLE,0.4781029224395752
9000,1,SNLE,0.48406052589416504
10000,1,SNLE,0.457416296005249
