num_simulations,num_observation,algorithm,C2ST
4000,1,SNLE,0.9900000095367432
8000,1,SNLE,0.9727500081062317
12000,1,SNLE,0.9655500054359436
16000,1,SNLE,0.9684500098228455
20000,1,SNLE,0.9701499938964844
24000,1,SNLE,0.9688500165939331
28000,1,SNLE,0.9426000118255615
32000,1,SNLE,0.9504500031471252
36000,1,SNLE,0.9494500160217285
40000,1,SNLE,0.9512500166893005
