num_simulations,num_observation,algorithm,EMDP2
4000,1,SNLE,2.5917338525839444
8000,1,SNLE,2.2206518196243485
12000,1,SNLE,2.279846928939299
16000,1,SNLE,2.3603894100182687
20000,1,SNLE,2.1610486069523733
24000,1,SNLE,2.145949756766194
28000,1,SNLE,1.5652804092950274
32000,1,SNLE,1.5919612603879745
36000,1,SNLE,1.456587577752366
40000,1,SNLE,1.454811894001624
