num_simulations,num_observation,algorithm,MMD
4000,1,SNLE,0.4929006099700928
8000,1,SNLE,0.38285505771636963
12000,1,SNLE,0.43503105640411377
16000,1,SNLE,0.4644128084182739
20000,1,SNLE,0.3720613718032837
24000,1,SNLE,0.3707348108291626
28000,1,SNLE,0.19554102420806885
32000,1,SNLE,0.20505905151367188
36000,1,SNLE,0.1528416872024536
40000,1,SNLE,0.15268540382385254
