num_simulations,num_observation,algorithm,C2ST
2500,1,SNPE,0.7257500290870667
5000,1,SNPE,0.7008000016212463
7500,1,SNPE,0.6895999908447266
10000,1,SNPE,0.7028999924659729
