num_simulations,num_observation,algorithm,EMDP2
2500,1,SNPE,0.34971528966891113
5000,1,SNPE,0.3901236803431803
7500,1,SNPE,0.38876876665384397
10000,1,SNPE,0.3647931806729421
