num_simulations,num_observation,algorithm,MMD
2500,1,SNPE,0.003910064697265625
5000,1,SNPE,0.006944179534912109
7500,1,SNPE,0.005460858345031738
10000,1,SNPE,0.003560304641723633
