num_simulations,num_observation,algorithm,C2ST
4000,1,SNPE,0.7425000071525574
8000,1,SNPE,0.7468000054359436
12000,1,SNPE,0.7541499733924866
16000,1,SNPE,0.7511000037193298
20000,1,SNPE,0.7475000023841858
24000,1,SNPE,0.7419000267982483
28000,1,SNPE,0.7301499843597412
32000,1,SNPE,0.7308499813079834
36000,1,SNPE,0.7040500044822693
40000,1,SNPE,0.6977499723434448
