num_simulations,num_observation,algorithm,EMDP2
4000,1,SNPE,0.3939602124435516
8000,1,SNPE,0.4273030565014345
12000,1,SNPE,0.4293916403702338
16000,1,SNPE,0.41349098351716695
20000,1,SNPE,0.41644223115654927
24000,1,SNPE,0.4231501427855519
28000,1,SNPE,0.4996262509959234
32000,1,SNPE,0.4750438848099999
36000,1,SNPE,0.43669158294262356
40000,1,SNPE,0.4518868504342852
