num_simulations,num_observation,algorithm,MMD
4000,1,SNPE,0.003926992416381836
8000,1,SNPE,0.0036950111389160156
12000,1,SNPE,0.003773212432861328
16000,1,SNPE,0.003233790397644043
20000,1,SNPE,0.0037517547607421875
24000,1,SNPE,0.0040024518966674805
28000,1,SNPE,0.006579279899597168
32000,1,SNPE,0.005767226219177246
36000,1,SNPE,0.0047740936279296875
40000,1,SNPE,0.005562305450439453
