num_simulations,num_observation,algorithm,MMD
1000,8,SNLE,0.0019353628158569336
2000,8,SNLE,0.0014655590057373047
3000,8,SNLE,0.0003987550735473633
4000,8,SNLE,0.0004328489303588867
5000,8,SNLE,0.0009188652038574219
6000,8,SNLE,0.0005803108215332031
7000,8,SNLE,0.000782012939453125
8000,8,SNLE,0.0004284381866455078
9000,8,SNLE,0.002909541130065918
10000,8,SNLE,0.0016183853149414062
