num_simulations,num_observation,algorithm,C2ST
2500,1,SNLE,0.972350001335144
5000,1,SNLE,0.9833999872207642
7500,1,SNLE,0.9146999716758728
10000,1,SNLE,0.9194499850273132
