num_simulations,num_observation,algorithm,EMDP2
2500,1,SNLE,2.1935097702908757
5000,1,SNLE,2.314466126883457
7500,1,SNLE,1.014394509393928
10000,1,SNLE,2.026120047699113
