num_simulations,num_observation,algorithm,MMD
2500,1,SNLE,0.35475319623947144
5000,1,SNLE,0.40855491161346436
7500,1,SNLE,0.060494184494018555
10000,1,SNLE,0.34158968925476074
