num_simulations,num_observation,algorithm,C2ST
2500,1,SNLE,0.7309499979019165
5000,1,SNLE,0.8607500195503235
7500,1,SNLE,0.6983000040054321
10000,1,SNLE,0.6561499834060669
