num_simulations,num_observation,algorithm,MMD
2500,1,SNLE,0.0022352933883666992
5000,1,SNLE,0.009655475616455078
7500,1,SNLE,0.0030444860458374023
10000,1,SNLE,0.0131072998046875
