num_simulations,num_observation,algorithm,EMDP2
2500,4,SNPE,0.08690942793399793
5000,4,SNPE,0.08257745211731833
7500,4,SNPE,0.05416918140348945
10000,4,SNPE,0.09434668115094123
