num_simulations,num_observation,algorithm,MMD
2500,4,SNPE,0.0016018152236938477
5000,4,SNPE,0.0006262063980102539
7500,4,SNPE,0.0007600188255310059
10000,4,SNPE,0.0007638335227966309
