num_simulations,num_observation,algorithm,EMDP2
1000,4,SNLE,0.11281768868411554
2000,4,SNLE,0.14520124319473418
3000,4,SNLE,0.056323370042916265
4000,4,SNLE,0.056178462353819215
5000,4,SNLE,0.05659860307855805
6000,4,SNLE,0.055744512696658435
7000,4,SNLE,0.05629062447289425
8000,4,SNLE,0.05572566550779505
9000,4,SNLE,0.05570226987223463
10000,4,SNLE,0.0564746653139669
