num_simulations,num_observation,algorithm,MMD
1000,4,SNLE,0.004760801792144775
2000,4,SNLE,0.0016619563102722168
3000,4,SNLE,0.000629425048828125
4000,4,SNLE,0.0009413957595825195
5000,4,SNLE,0.0007268786430358887
6000,4,SNLE,0.0003832578659057617
7000,4,SNLE,0.0008052587509155273
8000,4,SNLE,0.0005573630332946777
9000,4,SNLE,0.0003758668899536133
10000,4,SNLE,0.001292109489440918
