num_simulations,num_observation,algorithm,C2ST
1000,3,SNPE,0.8852499723434448
2000,3,SNPE,0.9017999768257141
3000,3,SNPE,0.8351500034332275
4000,3,SNPE,0.7790499925613403
5000,3,SNPE,0.767300009727478
6000,3,SNPE,0.7498000264167786
7000,3,SNPE,0.7490500211715698
8000,3,SNPE,0.6434000134468079
9000,3,SNPE,0.6294999718666077
10000,3,SNPE,0.6389999985694885
