num_simulations,num_observation,algorithm,EMDP2
1000,3,SNPE,1.7748387643969283
2000,3,SNPE,1.7453829648400185
3000,3,SNPE,1.6918819603530753
4000,3,SNPE,1.5232115963615545
5000,3,SNPE,1.5896299317650446
6000,3,SNPE,1.4432452233694517
7000,3,SNPE,1.3825685441479834
8000,3,SNPE,0.9544208766374428
9000,3,SNPE,0.8527728438171435
10000,3,SNPE,0.8066738719824353
