num_simulations,num_observation,algorithm,MMD
1000,3,SNPE,0.20982539653778076
2000,3,SNPE,0.34613049030303955
3000,3,SNPE,0.28824061155319214
4000,3,SNPE,0.2272832989692688
5000,3,SNPE,0.25237637758255005
6000,3,SNPE,0.2152796983718872
7000,3,SNPE,0.1969178318977356
8000,3,SNPE,0.07568323612213135
9000,3,SNPE,0.05123293399810791
10000,3,SNPE,0.041675567626953125
