num_simulations,num_observation,algorithm,C2ST
1000,3,SNLE,0.6589999794960022
2000,3,SNLE,0.6409500241279602
3000,3,SNLE,0.6651999950408936
4000,3,SNLE,0.6519500017166138
5000,3,SNLE,0.6467499732971191
6000,3,SNLE,0.6338000297546387
7000,3,SNLE,0.656499981880188
8000,3,SNLE,0.6265000104904175
9000,3,SNLE,0.6259499788284302
10000,3,SNLE,0.5900499820709229
