num_simulations,num_observation,algorithm,EMDP2
5000,6,SNLE,0.47735864887247176
10000,6,SNLE,0.5839983913869096
