num_simulations,num_observation,algorithm,MMD
5000,6,SNLE,0.007708311080932617
10000,6,SNLE,0.017023682594299316
