num_simulations,num_observation,algorithm,C2ST
20000,6,SNLE,0.7461000084877014
40000,6,SNLE,0.5858500003814697
60000,6,SNLE,0.5750499963760376
80000,6,SNLE,0.5796499848365784
