num_simulations,num_observation,algorithm,EMDP2
20000,6,SNLE,1.4847665948466713
40000,6,SNLE,0.9193497221018612
60000,6,SNLE,0.7926794555410139
80000,6,SNLE,0.7714563119012214
