num_simulations,num_observation,algorithm,MMD
20000,6,SNLE,0.012252211570739746
40000,6,SNLE,0.003990292549133301
60000,6,SNLE,0.0029571056365966797
80000,6,SNLE,0.0022028684616088867
