num_simulations,num_observation,algorithm,C2ST
1000,5,SNLE,0.7734500169754028
2000,5,SNLE,0.7420499920845032
3000,5,SNLE,0.6972000002861023
4000,5,SNLE,0.6539499759674072
5000,5,SNLE,0.6604999899864197
6000,5,SNLE,0.633650004863739
7000,5,SNLE,0.6263999938964844
8000,5,SNLE,0.6222000122070312
9000,5,SNLE,0.628250002861023
10000,5,SNLE,0.6154999732971191
