num_simulations,num_observation,algorithm,EMDP2
2500,1,SNPE,0.15721652879362197
5000,1,SNPE,0.15682119729382096
7500,1,SNPE,0.10883373970972345
10000,1,SNPE,0.17273214323749356
