num_simulations,num_observation,algorithm,C2ST
10000,1,JASS,0.667900025844574
20000,1,JASS,0.5896000266075134
30000,1,JASS,0.5662000179290771
40000,1,JASS,0.560699999332428
