num_simulations,num_observation,algorithm,EMDP2
10000,1,JASS,0.426541083688153
20000,1,JASS,0.4282605586448197
30000,1,JASS,0.26213431201074733
40000,1,JASS,0.2422110995547861
