num_simulations,num_observation,algorithm,MMD
10000,1,JASS,0.003354310989379883
20000,1,JASS,0.0038198232650756836
30000,1,JASS,0.0010318756103515625
40000,1,JASS,0.0006849765777587891
