num_simulations,num_observation,algorithm,C2ST
10000,1,SNPE,0.9587500095367432
20000,1,SNPE,0.95169997215271
30000,1,SNPE,0.8519999980926514
40000,1,SNPE,0.7462999820709229
