num_simulations,num_observation,algorithm,EMDP2
10000,1,SNPE,1.8594782209297325
20000,1,SNPE,1.8153101582235753
30000,1,SNPE,1.1387406378511449
40000,1,SNPE,0.7808631902177342
