num_simulations,num_observation,algorithm,MMD
10000,1,SNPE,0.3814595341682434
20000,1,SNPE,0.3875178098678589
30000,1,SNPE,0.18602097034454346
40000,1,SNPE,0.08189445734024048
