num_simulations,num_observation,algorithm,C2ST
4000,1,SNLE,0.9900500178337097
8000,1,SNLE,0.9800999760627747
12000,1,SNLE,0.9330499768257141
16000,1,SNLE,0.940850019454956
20000,1,SNLE,0.9320999979972839
24000,1,SNLE,0.9160000085830688
28000,1,SNLE,0.9346500039100647
32000,1,SNLE,0.9351500272750854
36000,1,SNLE,0.939300000667572
40000,1,SNLE,0.9402499794960022
