num_simulations,num_observation,algorithm,EMDP2
4000,1,SNLE,2.253533191236521
8000,1,SNLE,2.171644772697584
12000,1,SNLE,2.548584212960091
16000,1,SNLE,2.5342880670618904
20000,1,SNLE,1.9087024850113403
24000,1,SNLE,1.787624579653911
28000,1,SNLE,1.9419616722448683
32000,1,SNLE,1.958106340489981
36000,1,SNLE,2.070577665912584
40000,1,SNLE,2.1075509683722147
