num_simulations,num_observation,algorithm,MMD
4000,1,SNLE,0.3384087085723877
8000,1,SNLE,0.3535706400871277
12000,1,SNLE,0.5243951082229614
16000,1,SNLE,0.5169695615768433
20000,1,SNLE,0.3085407018661499
24000,1,SNLE,0.26586318016052246
28000,1,SNLE,0.3088797330856323
32000,1,SNLE,0.3162277936935425
36000,1,SNLE,0.35458850860595703
40000,1,SNLE,0.36638927459716797
