num_simulations,num_observation,algorithm,C2ST
10000,1,JASS,0.8855500221252441
20000,1,JASS,0.8447999954223633
30000,1,JASS,0.7998999953269958
40000,1,JASS,0.7608000040054321
