num_simulations,num_observation,algorithm,EMDP2
10000,1,JASS,0.7659440747260202
20000,1,JASS,0.2789978123602301
30000,1,JASS,0.18878814023264992
40000,1,JASS,0.13607803021533307
