num_simulations,num_observation,algorithm,MMD
10000,1,JASS,0.3752575218677521
20000,1,JASS,0.14915204048156738
30000,1,JASS,0.05053591728210449
40000,1,JASS,0.020067453384399414
