num_simulations,num_observation,algorithm,C2ST
4000,1,SNPE,0.739799976348877
8000,1,SNPE,0.7452999949455261
12000,1,SNPE,0.7480499744415283
16000,1,SNPE,0.7335000038146973
20000,1,SNPE,0.7349500060081482
24000,1,SNPE,0.7293000221252441
28000,1,SNPE,0.7358999848365784
32000,1,SNPE,0.7303000092506409
36000,1,SNPE,0.722599983215332
40000,1,SNPE,0.7119500041007996
