num_simulations,num_observation,algorithm,EMDP2
4000,1,SNPE,0.30433823863017156
8000,1,SNPE,0.41891582921256
12000,1,SNPE,0.41520172393435634
16000,1,SNPE,0.39304797633125876
20000,1,SNPE,0.3677852405050089
24000,1,SNPE,0.35305049825872414
28000,1,SNPE,0.3903928712631637
32000,1,SNPE,0.3664237917741472
36000,1,SNPE,0.34224568057480204
40000,1,SNPE,0.3282138634384263
