num_simulations,num_observation,algorithm,MMD
4000,1,SNPE,0.0018341541290283203
8000,1,SNPE,0.004985332489013672
12000,1,SNPE,0.004308938980102539
16000,1,SNPE,0.0027916431427001953
20000,1,SNPE,0.0023778676986694336
24000,1,SNPE,0.0018770694732666016
28000,1,SNPE,0.0034546852111816406
32000,1,SNPE,0.0030423402786254883
36000,1,SNPE,0.0026906728744506836
40000,1,SNPE,0.002118706703186035
