num_simulations,num_observation,algorithm,C2ST
4000,1,SNLE,0.9871000051498413
8000,1,SNLE,0.8999999761581421
12000,1,SNLE,0.8963000178337097
16000,1,SNLE,0.9103500247001648
20000,1,SNLE,0.9189500212669373
24000,1,SNLE,0.920199990272522
28000,1,SNLE,0.9138000011444092
32000,1,SNLE,0.9077000021934509
36000,1,SNLE,0.9123499989509583
40000,1,SNLE,0.9190000295639038
