num_simulations,num_observation,algorithm,EMDP2
4000,1,SNLE,2.602539452414471
8000,1,SNLE,1.8356570310901725
12000,1,SNLE,1.7474884763578529
16000,1,SNLE,1.8612635367128654
20000,1,SNLE,1.8973338394304593
24000,1,SNLE,1.8780258250843962
28000,1,SNLE,1.7900507760867546
32000,1,SNLE,1.7230017303558445
36000,1,SNLE,1.7542006070701393
40000,1,SNLE,1.4532317952456149
