num_simulations,num_observation,algorithm,MMD
4000,1,SNLE,0.47870492935180664
8000,1,SNLE,0.2782156467437744
12000,1,SNLE,0.2564568519592285
16000,1,SNLE,0.2923957109451294
20000,1,SNLE,0.3074057102203369
24000,1,SNLE,0.30075764656066895
28000,1,SNLE,0.26369428634643555
32000,1,SNLE,0.2392287254333496
36000,1,SNLE,0.24862468242645264
40000,1,SNLE,0.13947391510009766
