num_simulations,num_observation,algorithm,C2ST
1000,2,SNPE,0.7143499851226807
2000,2,SNPE,0.6930999755859375
3000,2,SNPE,0.6362500190734863
4000,2,SNPE,0.6222500205039978
5000,2,SNPE,0.6019499897956848
6000,2,SNPE,0.5778499841690063
7000,2,SNPE,0.5263000130653381
8000,2,SNPE,0.5216500163078308
9000,2,SNPE,0.5393000245094299
10000,2,SNPE,0.5382500290870667
