num_simulations,num_observation,algorithm,EMDP2
1000,2,SNPE,0.1877982862872772
2000,2,SNPE,0.16423439491045594
3000,2,SNPE,0.1687768265584255
4000,2,SNPE,0.1627015903222851
5000,2,SNPE,0.1761260378203533
6000,2,SNPE,0.15620546306967514
7000,2,SNPE,0.1563495434888283
8000,2,SNPE,0.1439459237954492
9000,2,SNPE,0.15882703879805707
10000,2,SNPE,0.14949656972257924
