num_simulations,num_observation,algorithm,MMD
1000,2,SNPE,0.0002942085266113281
2000,2,SNPE,0.0001157522201538086
3000,2,SNPE,5.996227264404297e-05
4000,2,SNPE,0.00018477439880371094
5000,2,SNPE,0.0002357959747314453
6000,2,SNPE,6.830692291259766e-05
7000,2,SNPE,0.00016069412231445312
8000,2,SNPE,0.0001195669174194336
9000,2,SNPE,0.00019466876983642578
10000,2,SNPE,7.104873657226562e-05
