num_simulations,num_observation,algorithm,C2ST
2500,1,SNPE,0.7472500205039978
5000,1,SNPE,0.7200499773025513
7500,1,SNPE,0.7093999981880188
10000,1,SNPE,0.7723000049591064
