num_simulations,num_observation,algorithm,EMDP2
2500,1,SNPE,0.3728649489276419
5000,1,SNPE,0.4591046961127983
7500,1,SNPE,0.43837880311796124
10000,1,SNPE,0.478294134164704
