num_simulations,num_observation,algorithm,MMD
2500,1,SNPE,0.0033015012741088867
5000,1,SNPE,0.009393930435180664
7500,1,SNPE,0.008326053619384766
10000,1,SNPE,0.006847023963928223
