num_simulations,num_observation,algorithm,C2ST
1000,1,SNPE,0.7836999893188477
2000,1,SNPE,0.7890499830245972
3000,1,SNPE,0.7960500121116638
4000,1,SNPE,0.7811999917030334
5000,1,SNPE,0.775950014591217
6000,1,SNPE,0.7399500012397766
7000,1,SNPE,0.755649983882904
8000,1,SNPE,0.7407000064849854
9000,1,SNPE,0.7605999708175659
10000,1,SNPE,0.7784000039100647
