num_simulations,num_observation,algorithm,EMDP2
1000,1,SNPE,0.3521715842617127
2000,1,SNPE,0.34131061334910917
3000,1,SNPE,0.5212673114914875
4000,1,SNPE,0.5388517770156847
5000,1,SNPE,0.5358980353670013
6000,1,SNPE,0.520488288167961
7000,1,SNPE,0.4953112980620365
8000,1,SNPE,0.4274644955998056
9000,1,SNPE,0.3984620109849737
10000,1,SNPE,0.3998676212410528
