num_simulations,num_observation,algorithm,C2ST
1000,1,SNLE,0.9945499897003174
2000,1,SNLE,0.996999979019165
3000,1,SNLE,0.9965000152587891
4000,1,SNLE,0.9991499781608582
5000,1,SNLE,0.9927499890327454
6000,1,SNLE,0.9927999973297119
7000,1,SNLE,0.9973999857902527
8000,1,SNLE,0.9977999925613403
9000,1,SNLE,0.9985499978065491
10000,1,SNLE,0.9988999962806702
