num_simulations,num_observation,algorithm,EMDP2
1000,1,SNLE,2.575025931065299
2000,1,SNLE,2.435899322046371
3000,1,SNLE,2.377198523479521
4000,1,SNLE,1.9689782233340005
5000,1,SNLE,2.1160101832446796
6000,1,SNLE,2.549296616930033
7000,1,SNLE,2.6394207205379527
8000,1,SNLE,2.660557194618366
9000,1,SNLE,2.7541112014894757
10000,1,SNLE,2.754423678625587
