num_simulations,num_observation,algorithm,MMD
1000,1,SNLE,0.500540018081665
2000,1,SNLE,0.4657360315322876
3000,1,SNLE,0.43892359733581543
4000,1,SNLE,0.21687275171279907
5000,1,SNLE,0.24660813808441162
6000,1,SNLE,0.41222596168518066
7000,1,SNLE,0.46059441566467285
8000,1,SNLE,0.4649243950843811
9000,1,SNLE,0.4915692210197449
10000,1,SNLE,0.49271684885025024
