num_simulations,num_observation,algorithm,C2ST
2500,1,SEMPLE,0.702750027179718
5000,1,SEMPLE,0.6582000255584717
7500,1,SEMPLE,0.6364499926567078
10000,1,SEMPLE,0.6059499979019165
