num_simulations,num_observation,algorithm,EMDP2
2500,1,SEMPLE,0.37821985685817916
5000,1,SEMPLE,0.5359430945456386
7500,1,SEMPLE,0.3619506589357256
10000,1,SEMPLE,0.416999011619273
