num_simulations,num_observation,algorithm,MMD
2500,1,SEMPLE,0.0020714998245239258
5000,1,SEMPLE,0.010531902313232422
7500,1,SEMPLE,0.005025982856750488
10000,1,SEMPLE,0.006503462791442871
