num_simulations,num_observation,algorithm,C2ST
10000,1,SNLE,0.9498000144958496
20000,1,SNLE,0.9739999771118164
30000,1,SNLE,0.9075999855995178
40000,1,SNLE,0.9186000227928162