num_simulations,num_observation,algorithm,EMDP2
10000,1,SNLE,1.8680889354096546
20000,1,SNLE,2.2839745211487843
30000,1,SNLE,1.2444498190744366
40000,1,SNLE,1.647315421663338
