num_simulations,num_observation,algorithm,MMD
10000,1,SNLE,0.2648346424102783
20000,1,SNLE,0.4156428575515747
30000,1,SNLE,0.10421597957611084
40000,1,SNLE,0.1737203598022461