num_simulations,num_observation,algorithm,C2ST
2500,7,SNPE,0.6799499988555908
5000,7,SNPE,0.6672999858856201
7500,7,SNPE,0.6133999824523926
10000,7,SNPE,0.5882499814033508
