num_simulations,num_observation,algorithm,MMD
2500,7,SNPE,0.0054624080657958984
5000,7,SNPE,0.0037407875061035156
7500,7,SNPE,0.0020788908004760742
10000,7,SNPE,0.0013507604598999023
