num_simulations,num_observation,algorithm,EMDP2
1000,7,SNLE,0.025507625062068627
2000,7,SNLE,0.02305583205494555
3000,7,SNLE,0.022967998605319666
4000,7,SNLE,0.023462425578447157
5000,7,SNLE,0.025562550776030157
6000,7,SNLE,0.021899198993853224
7000,7,SNLE,0.022072338957210703
8000,7,SNLE,0.023294997726349017
9000,7,SNLE,0.023247630198932123
10000,7,SNLE,0.022102240145390296
