num_simulations,num_observation,algorithm,C2ST
1000,9,SNLE,0.7090499997138977
2000,9,SNLE,0.592199981212616
3000,9,SNLE,0.546750009059906
4000,9,SNLE,0.5608999729156494
5000,9,SNLE,0.5638999938964844
6000,9,SNLE,0.5576500296592712
7000,9,SNLE,0.5619999766349792
8000,9,SNLE,0.5534499883651733
9000,9,SNLE,0.566349983215332
10000,9,SNLE,0.575950026512146
