num_simulations,num_observation,algorithm,EMDP2
1000,9,SNLE,1.04310659893948
2000,9,SNLE,0.691460860789619
3000,9,SNLE,0.7146099942035278
4000,9,SNLE,0.7355829528899124
5000,9,SNLE,0.8066250752010626
6000,9,SNLE,0.7715722337511473
7000,9,SNLE,0.8224576192994739
8000,9,SNLE,0.7955724830706888
9000,9,SNLE,0.8166365998732925
10000,9,SNLE,0.8525907639740761
