num_simulations,num_observation,algorithm,MMD
1000,9,SNLE,0.07658350467681885
2000,9,SNLE,0.011333346366882324
3000,9,SNLE,0.01289212703704834
4000,9,SNLE,0.01778578758239746
5000,9,SNLE,0.025763511657714844
6000,9,SNLE,0.021387338638305664
7000,9,SNLE,0.03104853630065918
8000,9,SNLE,0.028031587600708008
9000,9,SNLE,0.03187835216522217
10000,9,SNLE,0.03748047351837158
