num_simulations,num_observation,algorithm,C2ST
2500,1,SNLE,0.9101499915122986
5000,1,SNLE,0.8855500221252441
7500,1,SNLE,0.8798999786376953
10000,1,SNLE,0.9046499729156494
