num_simulations,num_observation,algorithm,EMDP2
2500,1,SNLE,1.6060331085832185
5000,1,SNLE,1.1342188487499605
7500,1,SNLE,1.4833456954147117
10000,1,SNLE,1.8322213145909794
