num_simulations,num_observation,algorithm,MMD
2500,1,SNLE,0.1900118589401245
5000,1,SNLE,0.05226242542266846
7500,1,SNLE,0.16716957092285156
10000,1,SNLE,0.2607344388961792
