num_simulations,num_observation,algorithm,C2ST
2500,1,SNLE,0.9700499773025513
5000,1,SNLE,0.8853499889373779
7500,1,SNLE,0.8676499724388123
10000,1,SNLE,0.8687499761581421
