num_simulations,num_observation,algorithm,EMDP2
2500,1,SNLE,2.2667484185251614
5000,1,SNLE,1.424880863833174
7500,1,SNLE,1.0986883095271367
10000,1,SNLE,1.366125291998394
