num_simulations,num_observation,algorithm,MMD
2500,1,SNLE,0.4055424928665161
5000,1,SNLE,0.14209699630737305
7500,1,SNLE,0.08616852760314941
10000,1,SNLE,0.14572608470916748
