num_simulations,num_observation,algorithm,C2ST
5000,5,SNLE,0.6222000122070312
10000,5,SNLE,0.5656999945640564
