num_simulations,num_observation,algorithm,EMDP2
5000,5,SNLE,0.5345695405026615
10000,5,SNLE,0.5078307018224228
