num_simulations,num_observation,algorithm,C2ST
5000,2,SNPE,0.6367999911308289
10000,2,SNPE,0.6241000294685364
