num_simulations,num_observation,algorithm,EMDP2
5000,2,SNPE,0.9551197609438322
10000,2,SNPE,0.6819207470958308
