num_simulations,num_observation,algorithm,MMD
5000,2,SNPE,0.03950721025466919
10000,2,SNPE,0.00781857967376709
