num_simulations,num_observation,algorithm,EMDP2
5000,8,SNLE,0.7571560916700681
10000,8,SNLE,0.5788941539560488
