num_simulations,num_observation,algorithm,C2ST
4000,1,SNPE,0.9628499746322632
8000,1,SNPE,0.9658499956130981
12000,1,SNPE,0.9504500031471252
16000,1,SNPE,0.8956000208854675
20000,1,SNPE,0.8156499862670898
24000,1,SNPE,0.7882500290870667
28000,1,SNPE,0.7713500261306763
32000,1,SNPE,0.8191499710083008
36000,1,SNPE,0.7347000241279602
40000,1,SNPE,0.7684000134468079
