num_simulations,num_observation,algorithm,EMDP2
4000,1,SNPE,1.943671769956504
8000,1,SNPE,1.9919214888100916
12000,1,SNPE,1.831758031383317
16000,1,SNPE,1.314207153671426
20000,1,SNPE,0.8976328360478555
24000,1,SNPE,0.8394241089283638
28000,1,SNPE,0.7740861573645066
32000,1,SNPE,0.5711189284681965
36000,1,SNPE,0.48706625988245866
40000,1,SNPE,0.37691851519337644
