num_simulations,num_observation,algorithm,MMD
4000,1,SNPE,0.41923993825912476
8000,1,SNPE,0.43692782521247864
12000,1,SNPE,0.38767170906066895
16000,1,SNPE,0.26026034355163574
20000,1,SNPE,0.1102151870727539
24000,1,SNPE,0.08490955829620361
28000,1,SNPE,0.06909632682800293
32000,1,SNPE,0.05668920278549194
36000,1,SNPE,0.02321803569793701
40000,1,SNPE,0.031152725219726562
