num_simulations,num_observation,algorithm,C2ST
10000,1,SNLE,0.9977499842643738
20000,1,SNLE,0.9962999820709229
30000,1,SNLE,0.9997000098228455
40000,1,SNLE,0.9991000294685364
