num_simulations,num_observation,algorithm,EMDP2
10000,1,SNLE,3.0988408388689814
20000,1,SNLE,2.500719885223303
30000,1,SNLE,3.0947440336345946
40000,1,SNLE,3.0653519115672054
