num_simulations,num_observation,algorithm,MMD
10000,1,SNLE,0.6972005367279053
20000,1,SNLE,0.4601094722747803
30000,1,SNLE,0.696105420589447
40000,1,SNLE,0.7273328900337219
