num_simulations,num_observation,algorithm,C2ST
1000,5,SNPE,0.8241999745368958
2000,5,SNPE,0.7447500228881836
3000,5,SNPE,0.6475499868392944
4000,5,SNPE,0.661050021648407
5000,5,SNPE,0.6010500192642212
6000,5,SNPE,0.6101499795913696
7000,5,SNPE,0.6092000007629395
8000,5,SNPE,0.6112499833106995
9000,5,SNPE,0.6011000275611877
10000,5,SNPE,0.6015999913215637
