num_simulations,num_observation,algorithm,EMDP2
1000,5,SNPE,0.1736802258390851
2000,5,SNPE,0.5938582692545991
3000,5,SNPE,0.297701259690732
4000,5,SNPE,0.24254289774718374
5000,5,SNPE,0.22876668721074817
6000,5,SNPE,0.24733681055794
7000,5,SNPE,0.28257806808527997
8000,5,SNPE,0.28579435242166285
9000,5,SNPE,0.29541580782250115
10000,5,SNPE,0.2995770967509333
