num_simulations,num_observation,algorithm,MMD
1000,5,SNPE,0.00022709369659423828
2000,5,SNPE,0.010687947273254395
3000,5,SNPE,0.0010678768157958984
4000,5,SNPE,0.0005471706390380859
5000,5,SNPE,0.0002624988555908203
6000,5,SNPE,0.0005043745040893555
7000,5,SNPE,0.0008665323257446289
8000,5,SNPE,0.0004305839538574219
9000,5,SNPE,0.00040268898010253906
10000,5,SNPE,0.0005996227264404297
