num_simulations,num_observation,algorithm,C2ST
1000,9,SNPE,0.7111999988555908
2000,9,SNPE,0.7174500226974487
3000,9,SNPE,0.636900007724762
4000,9,SNPE,0.5771999955177307
5000,9,SNPE,0.5803499817848206
6000,9,SNPE,0.5757499933242798
7000,9,SNPE,0.5702499747276306
8000,9,SNPE,0.5605499744415283
9000,9,SNPE,0.5489500164985657
10000,9,SNPE,0.5655500292778015
