num_simulations,num_observation,algorithm,EMDP2
1000,9,SNPE,0.11367568685365421
2000,9,SNPE,0.1165290998759992
3000,9,SNPE,0.13167077678594752
4000,9,SNPE,0.10148082709309723
5000,9,SNPE,0.13881908856589614
6000,9,SNPE,0.09666139018580774
7000,9,SNPE,0.12520065439482508
8000,9,SNPE,0.11090248399079701
9000,9,SNPE,0.14758388424038255
10000,9,SNPE,0.09549870676002296
