num_simulations,num_observation,algorithm,MMD
1000,9,SNPE,0.013419628143310547
2000,9,SNPE,0.006387233734130859
3000,9,SNPE,0.004601120948791504
4000,9,SNPE,0.0017864704132080078
5000,9,SNPE,0.003822922706604004
6000,9,SNPE,0.001265406608581543
7000,9,SNPE,0.0011989474296569824
8000,9,SNPE,0.0005772709846496582
9000,9,SNPE,0.0014444589614868164
10000,9,SNPE,0.00024271011352539062
