num_simulations,num_observation,algorithm,C2ST
1000,1,SNPE,0.7874500155448914
2000,1,SNPE,0.787850022315979
3000,1,SNPE,0.7759000062942505
4000,1,SNPE,0.7612500190734863
5000,1,SNPE,0.7636500000953674
6000,1,SNPE,0.7749999761581421
7000,1,SNPE,0.7558500170707703
8000,1,SNPE,0.7839499711990356
9000,1,SNPE,0.7855499982833862
10000,1,SNPE,0.7860000133514404
