num_simulations,num_observation,algorithm,EMDP2
1000,1,SNPE,0.32183026131080117
2000,1,SNPE,0.31929135242785434
3000,1,SNPE,0.49063042584580774
4000,1,SNPE,0.46388783735468975
5000,1,SNPE,0.4472215267028032
6000,1,SNPE,0.4580409318502255
7000,1,SNPE,0.4467611708539772
8000,1,SNPE,0.39568502533653876
9000,1,SNPE,0.39399883220218923
10000,1,SNPE,0.3781980374161591
