num_simulations,num_observation,algorithm,MMD
1000,1,SNPE,0.00241243839263916
2000,1,SNPE,0.002424955368041992
3000,1,SNPE,0.00801098346710205
4000,1,SNPE,0.006056547164916992
5000,1,SNPE,0.005354404449462891
6000,1,SNPE,0.005512356758117676
7000,1,SNPE,0.005154609680175781
8000,1,SNPE,0.003759026527404785
9000,1,SNPE,0.003581404685974121
10000,1,SNPE,0.0028802156448364258
