num_simulations,num_observation,algorithm,C2ST
10000,1,JASS,0.9057000279426575
20000,1,JASS,0.8102499842643738
30000,1,JASS,0.824999988079071
40000,1,JASS,0.7455499768257141
