num_simulations,num_observation,algorithm,EMDP2
10000,1,JASS,0.7419729589876682
20000,1,JASS,0.2399906806783013
30000,1,JASS,0.1778972231977071
40000,1,JASS,0.21125673899702616
