num_simulations,num_observation,algorithm,MMD
10000,1,JASS,0.36234259605407715
20000,1,JASS,0.10414975881576538
30000,1,JASS,0.06563746929168701
40000,1,JASS,0.06764793395996094
