num_simulations,num_observation,algorithm,C2ST
1000,4,SNPE,0.8704000115394592
2000,4,SNPE,0.8314499855041504
3000,4,SNPE,0.8555499911308289
4000,4,SNPE,0.8267499804496765
5000,4,SNPE,0.8129000067710876
6000,4,SNPE,0.800599992275238
7000,4,SNPE,0.7741000056266785
8000,4,SNPE,0.7425000071525574
9000,4,SNPE,0.7709500193595886
10000,4,SNPE,0.7351999878883362
