num_simulations,num_observation,algorithm,EMDP2
1000,4,SNPE,2.32275385918803
2000,4,SNPE,2.2603855783463964
3000,4,SNPE,2.3308753461893947
4000,4,SNPE,2.7481704731156995
5000,4,SNPE,2.488591286048225
6000,4,SNPE,2.399072423593034
7000,4,SNPE,2.145862809737343
8000,4,SNPE,1.8978789746650462
9000,4,SNPE,1.9448617282559844
10000,4,SNPE,1.7759391127776445
