num_simulations,num_observation,algorithm,MMD
1000,4,SNPE,0.29085689783096313
2000,4,SNPE,0.34496796131134033
3000,4,SNPE,0.3775680661201477
4000,4,SNPE,0.458015501499176
5000,4,SNPE,0.4013438820838928
6000,4,SNPE,0.3837650418281555
7000,4,SNPE,0.32006317377090454
8000,4,SNPE,0.25995779037475586
9000,4,SNPE,0.2733936309814453
10000,4,SNPE,0.23026323318481445
