num_simulations,num_observation,algorithm,C2ST
20000,2,JASS,0.9822499752044678
40000,2,JASS,0.9883999824523926
60000,2,JASS,0.9837499856948853
80000,2,JASS,0.9870499968528748
