num_simulations,num_observation,algorithm,EMDP2
20000,2,JASS,3.8579161319362876
40000,2,JASS,3.6998725207494325
60000,2,JASS,3.71449936587849
80000,2,JASS,3.873371297512406
