num_simulations,num_observation,algorithm,MMD
20000,2,JASS,0.2039441466331482
40000,2,JASS,0.18936288356781006
60000,2,JASS,0.18247902393341064
80000,2,JASS,0.1905108094215393
