num_simulations,num_observation,algorithm,C2ST
1000,10,SNPE,0.8916500210762024
2000,10,SNPE,0.9351500272750854
3000,10,SNPE,0.8367499709129333
4000,10,SNPE,0.6898000240325928
5000,10,SNPE,0.6804999709129333
6000,10,SNPE,0.6699000000953674
7000,10,SNPE,0.5802000164985657
8000,10,SNPE,0.580299973487854
9000,10,SNPE,0.5429999828338623
10000,10,SNPE,0.552649974822998
