num_simulations,num_observation,algorithm,EMDP2
1000,10,SNPE,1.6433522197856247
2000,10,SNPE,1.1294164363574415
3000,10,SNPE,0.8435698874187049
4000,10,SNPE,0.6896437366539184
5000,10,SNPE,0.682290186903732
6000,10,SNPE,0.6508059128889973
7000,10,SNPE,0.5577630453304381
8000,10,SNPE,0.5411101570867505
9000,10,SNPE,0.5022447330062249
10000,10,SNPE,0.5063025042282563
