num_simulations,num_observation,algorithm,MMD
1000,10,SNPE,0.24041318893432617
2000,10,SNPE,0.20486903190612793
3000,10,SNPE,0.11552894115447998
4000,10,SNPE,0.03143954277038574
5000,10,SNPE,0.02666473388671875
6000,10,SNPE,0.020592927932739258
7000,10,SNPE,0.007045865058898926
8000,10,SNPE,0.006910085678100586
9000,10,SNPE,0.004638195037841797
10000,10,SNPE,0.008387923240661621
