num_simulations,num_observation,algorithm,C2ST
1000,1,SNPE,0.7735000252723694
2000,1,SNPE,0.7786999940872192
3000,1,SNPE,0.767300009727478
4000,1,SNPE,0.7394499778747559
5000,1,SNPE,0.7286499738693237
6000,1,SNPE,0.7480000257492065
7000,1,SNPE,0.7490000128746033
8000,1,SNPE,0.7628499865531921
9000,1,SNPE,0.7465999722480774
10000,1,SNPE,0.7402999997138977
