num_simulations,num_observation,algorithm,EMDP2
1000,1,SNPE,0.4823871222557998
2000,1,SNPE,0.4168095171216804
3000,1,SNPE,0.47233193335966694
4000,1,SNPE,0.46568667551636395
5000,1,SNPE,0.44080059125816956
6000,1,SNPE,0.4359779474732821
7000,1,SNPE,0.41265051597538005
8000,1,SNPE,0.41376685353650156
9000,1,SNPE,0.43154492438106956
10000,1,SNPE,0.4078785515767413
