num_simulations,num_observation,algorithm,MMD
1000,1,SNPE,0.006468296051025391
2000,1,SNPE,0.005108952522277832
3000,1,SNPE,0.0067147016525268555
4000,1,SNPE,0.006081342697143555
5000,1,SNPE,0.004827141761779785
6000,1,SNPE,0.004507541656494141
7000,1,SNPE,0.0034422874450683594
8000,1,SNPE,0.0032759904861450195
9000,1,SNPE,0.003954529762268066
10000,1,SNPE,0.0030449628829956055
