num_simulations,num_observation,algorithm,C2ST
5000,3,SEMPLE,0.8435500264167786
10000,3,SEMPLE,0.9661499857902527
