num_simulations,num_observation,algorithm,EMDP2
5000,3,SEMPLE,1.5442165476942291
10000,3,SEMPLE,1.0216952601642884
