num_simulations,num_observation,algorithm,C2ST
1000,3,SNPE,0.774399995803833
2000,3,SNPE,0.729449987411499
3000,3,SNPE,0.7002999782562256
4000,3,SNPE,0.6671500205993652
5000,3,SNPE,0.678849995136261
6000,3,SNPE,0.6574000120162964
7000,3,SNPE,0.6109499931335449
8000,3,SNPE,0.6115000247955322
9000,3,SNPE,0.5766000151634216
10000,3,SNPE,0.5935999751091003
