num_simulations,num_observation,algorithm,EMDP2
1000,3,SNPE,0.19648043867557682
2000,3,SNPE,0.09465782249945127
3000,3,SNPE,0.09602982962953649
4000,3,SNPE,0.09444684500300217
5000,3,SNPE,0.09433227294639096
6000,3,SNPE,0.09792512744130291
7000,3,SNPE,0.0900350375528102
8000,3,SNPE,0.09086911773779895
9000,3,SNPE,0.07766765524398223
10000,3,SNPE,0.07347310511750739
