num_simulations,num_observation,algorithm,MMD
1000,3,SNPE,0.023267269134521484
2000,3,SNPE,0.0012613534927368164
3000,3,SNPE,0.0008217096328735352
4000,3,SNPE,0.0007737874984741211
5000,3,SNPE,0.0009143352508544922
6000,3,SNPE,0.0007803440093994141
7000,3,SNPE,0.0005707740783691406
8000,3,SNPE,0.0005151033401489258
9000,3,SNPE,0.0004398822784423828
10000,3,SNPE,0.00017011165618896484
