num_simulations,num_observation,algorithm,EMDP2
5000,9,SNPE,1.5004030478172516
10000,9,SNPE,1.332316363105804
