num_simulations,num_observation,algorithm,MMD
5000,9,SNPE,0.14763832092285156
10000,9,SNPE,0.13088643550872803
