num_simulations,num_observation,algorithm,C2ST
10000,1,SNLE,0.6668999791145325
20000,1,SNLE,0.6505500078201294
30000,1,SNLE,0.6122000217437744
40000,1,SNLE,0.5956500172615051
