num_simulations,num_observation,algorithm,EMDP2
10000,1,SNLE,0.1379274645784789
20000,1,SNLE,0.0893101112284124
30000,1,SNLE,0.06245916786687343
40000,1,SNLE,0.05744002334644596
