num_simulations,num_observation,algorithm,MMD
10000,1,SNLE,0.06080341339111328
20000,1,SNLE,0.028409719467163086
30000,1,SNLE,0.010950922966003418
40000,1,SNLE,0.005427122116088867
