num_simulations,num_observation,algorithm,C2ST
1000,1,SNLE,0.9930499792098999
2000,1,SNLE,0.9926999807357788
3000,1,SNLE,0.9929999709129333
4000,1,SNLE,0.9331499934196472
5000,1,SNLE,0.9279500246047974
6000,1,SNLE,0.9421499967575073
7000,1,SNLE,0.9418500065803528
8000,1,SNLE,0.9689000248908997
9000,1,SNLE,0.9703999757766724
10000,1,SNLE,0.9726499915122986
