num_simulations,num_observation,algorithm,EMDP2
1000,1,SNLE,2.273690280850761
2000,1,SNLE,3.1921135882216225
3000,1,SNLE,2.9617747570986213
4000,1,SNLE,1.9367609567950412
5000,1,SNLE,1.9209124015419607
6000,1,SNLE,2.066994285140701
7000,1,SNLE,2.07147638910171
8000,1,SNLE,2.1145964740638084
9000,1,SNLE,2.1312705868513326
10000,1,SNLE,2.1399349021574308
