num_simulations,num_observation,algorithm,MMD
1000,1,SNLE,0.3838505148887634
2000,1,SNLE,0.7494829297065735
3000,1,SNLE,0.6781522035598755
4000,1,SNLE,0.323657751083374
5000,1,SNLE,0.31798267364501953
6000,1,SNLE,0.3568218946456909
7000,1,SNLE,0.35701239109039307
8000,1,SNLE,0.3545401096343994
9000,1,SNLE,0.3606961965560913
10000,1,SNLE,0.3609236478805542
