num_simulations,num_observation,algorithm,C2ST
2500,2,JASS,0.5289499759674072
5000,2,JASS,0.5053499937057495
7500,2,JASS,0.5274999737739563
10000,2,JASS,0.5131000280380249
