num_simulations,num_observation,algorithm,EMDP2
2500,2,JASS,0.2421486615131169
5000,2,JASS,0.20413109052492068
7500,2,JASS,0.17428364445978675
10000,2,JASS,0.31844671010543835
