num_simulations,num_observation,algorithm,MMD
2500,2,JASS,0.00045359134674072266
5000,2,JASS,0.00017321109771728516
7500,2,JASS,5.984306335449219e-05
10000,2,JASS,0.0012040138244628906
