num_simulations,num_observation,algorithm,C2ST
10000,1,SNPE,0.7722499966621399
20000,1,SNPE,0.7289000153541565
30000,1,SNPE,0.7689999938011169
40000,1,SNPE,0.754800021648407
