num_simulations,num_observation,algorithm,EMDP2
10000,1,SNPE,0.3207215977165069
20000,1,SNPE,0.3372910985663846
30000,1,SNPE,0.5516948133286895
40000,1,SNPE,0.4963798948850873
