num_simulations,num_observation,algorithm,MMD
10000,1,SNPE,0.0017381906509399414
20000,1,SNPE,0.00246274471282959
30000,1,SNPE,0.011395931243896484
40000,1,SNPE,0.007568836212158203
