num_simulations,num_observation,algorithm,C2ST
1000,1,SNLE,0.8744500279426575
2000,1,SNLE,0.8715999722480774
3000,1,SNLE,0.9007499814033508
4000,1,SNLE,0.8981999754905701
5000,1,SNLE,0.8903499841690063
6000,1,SNLE,0.977400004863739
7000,1,SNLE,0.9694499969482422
8000,1,SNLE,0.98785001039505
9000,1,SNLE,0.9919999837875366
10000,1,SNLE,0.9973000288009644
