num_simulations,num_observation,algorithm,EMDP2
1000,1,SNLE,1.2197186705025544
2000,1,SNLE,1.270922452495154
3000,1,SNLE,1.8983232458775232
4000,1,SNLE,1.858911841873124
5000,1,SNLE,1.8593297601436485
6000,1,SNLE,2.7931622116940855
7000,1,SNLE,2.380726388197827
8000,1,SNLE,1.9622530146899018
9000,1,SNLE,1.9967795318191448
10000,1,SNLE,1.8412008480632003
