num_simulations,num_observation,algorithm,MMD
1000,1,SNLE,0.12211024761199951
2000,1,SNLE,0.13436472415924072
3000,1,SNLE,0.31620967388153076
4000,1,SNLE,0.29722118377685547
5000,1,SNLE,0.29567277431488037
6000,1,SNLE,0.6092320084571838
7000,1,SNLE,0.44161057472229004
8000,1,SNLE,0.2103756070137024
9000,1,SNLE,0.24181950092315674
10000,1,SNLE,0.18314087390899658
