num_simulations,num_observation,algorithm,C2ST
2500,1,SEMPLE,0.6779999732971191
5000,1,SEMPLE,0.6198999881744385
7500,1,SEMPLE,0.5979499816894531
10000,1,SEMPLE,0.5737500190734863
