num_simulations,num_observation,algorithm,EMDP2
2500,1,SEMPLE,0.37492080271258305
5000,1,SEMPLE,0.33443642591953765
7500,1,SEMPLE,0.33287296368336383
10000,1,SEMPLE,0.2375296194831371
