num_simulations,num_observation,algorithm,MMD
2500,1,SEMPLE,0.0020028352737426758
5000,1,SEMPLE,0.0018839836120605469
7500,1,SEMPLE,0.0029469728469848633
10000,1,SEMPLE,0.0023190975189208984
