num_simulations,num_observation,algorithm,C2ST
2500,10,SNLE,0.7626500129699707
5000,10,SNLE,0.7547500133514404
7500,10,SNLE,0.6642500162124634
10000,10,SNLE,0.6625999808311462
