num_simulations,num_observation,algorithm,MMD
2500,10,SNLE,0.01668226718902588
5000,10,SNLE,0.01180720329284668
7500,10,SNLE,0.0033347606658935547
10000,10,SNLE,0.003964543342590332
