num_simulations,num_observation,algorithm,C2ST
2500,1,SNLE,0.979449987411499
5000,1,SNLE,0.9872999787330627
7500,1,SNLE,0.9850999712944031
10000,1,SNLE,0.923799991607666
