num_simulations,num_observation,algorithm,EMDP2
2500,1,SNLE,1.9929875314242627
5000,1,SNLE,2.4839431850192106
7500,1,SNLE,1.9842845870185128
10000,1,SNLE,1.891014494136436
