num_simulations,num_observation,algorithm,MMD
2500,1,SNLE,0.27325356006622314
5000,1,SNLE,0.48884761333465576
7500,1,SNLE,0.2738380432128906
10000,1,SNLE,0.2877620458602905
