num_simulations,num_observation,algorithm,C2ST
10000,1,JASS,0.9398499727249146
20000,1,JASS,0.809249997138977
30000,1,JASS,0.6876500248908997
40000,1,JASS,0.6464999914169312
