num_simulations,num_observation,algorithm,EMDP2
10000,1,JASS,0.43160332535462353
20000,1,JASS,0.1933216104714695
30000,1,JASS,0.08597926002838323
40000,1,JASS,0.10993714773870049
