num_simulations,num_observation,algorithm,MMD
10000,1,JASS,0.2836707830429077
20000,1,JASS,0.08120101690292358
30000,1,JASS,0.015919089317321777
40000,1,JASS,0.025934457778930664
