num_simulations,num_observation,algorithm,C2ST
20000,5,JASS,0.9661999940872192
40000,5,JASS,0.9616000056266785
60000,5,JASS,0.9728999733924866
80000,5,JASS,0.9708499908447266
