num_simulations,num_observation,algorithm,EMDP2
20000,5,JASS,2.87534215696324
40000,5,JASS,2.8388449505592055
60000,5,JASS,2.9706645946552874
80000,5,JASS,2.8079350580758193
