num_simulations,num_observation,algorithm,MMD
20000,5,JASS,0.07016658782958984
40000,5,JASS,0.07584512233734131
60000,5,JASS,0.08002841472625732
80000,5,JASS,0.06598591804504395
