num_simulations,num_observation,algorithm,C2ST
4000,1,SNLE,0.9938499927520752
8000,1,SNLE,0.972350001335144
12000,1,SNLE,0.85794997215271
16000,1,SNLE,0.8885499835014343
20000,1,SNLE,0.8900499939918518
24000,1,SNLE,0.8661500215530396
28000,1,SNLE,0.890749990940094
32000,1,SNLE,0.8872500061988831
36000,1,SNLE,0.8743500113487244
40000,1,SNLE,0.8590999841690063
