num_simulations,num_observation,algorithm,EMDP2
4000,1,SNLE,3.0295753890872903
8000,1,SNLE,2.000197073540534
12000,1,SNLE,1.0277848615498113
16000,1,SNLE,1.6366603813391254
20000,1,SNLE,1.6087373366365132
24000,1,SNLE,1.368135737908248
28000,1,SNLE,1.8272666937787538
32000,1,SNLE,1.7729277356463433
36000,1,SNLE,1.5403400615912066
40000,1,SNLE,1.1755064722261446
