num_simulations,num_observation,algorithm,MMD
4000,1,SNLE,0.6922260522842407
8000,1,SNLE,0.2632026672363281
12000,1,SNLE,0.06896412372589111
16000,1,SNLE,0.22100305557250977
20000,1,SNLE,0.2149369716644287
24000,1,SNLE,0.1559741497039795
28000,1,SNLE,0.2534219026565552
32000,1,SNLE,0.23640239238739014
36000,1,SNLE,0.16701602935791016
40000,1,SNLE,0.07751405239105225
