num_simulations,num_observation,algorithm,C2ST
4000,1,SNLE,0.7250999808311462
8000,1,SNLE,0.7200499773025513
12000,1,SNLE,0.7083500027656555
16000,1,SNLE,0.6841999888420105
20000,1,SNLE,0.6668499708175659
24000,1,SNLE,0.6565999984741211
28000,1,SNLE,0.6348999738693237
32000,1,SNLE,0.6286500096321106
36000,1,SNLE,0.6172000169754028
40000,1,SNLE,0.6139500141143799
