num_simulations,num_observation,algorithm,EMDP2
4000,1,SNLE,0.19611898619506254
8000,1,SNLE,0.14065006835864569
12000,1,SNLE,0.11505103786520238
16000,1,SNLE,0.09952800964160881
20000,1,SNLE,0.09078430758575863
24000,1,SNLE,0.07775371642274476
28000,1,SNLE,0.07642881963420299
32000,1,SNLE,0.07556466573299193
36000,1,SNLE,0.07598808119895256
40000,1,SNLE,0.11599319689617703
