num_simulations,num_observation,algorithm,MMD
4000,1,SNLE,0.05290782451629639
8000,1,SNLE,0.036041855812072754
12000,1,SNLE,0.03630179166793823
16000,1,SNLE,0.03149724006652832
20000,1,SNLE,0.02504122257232666
24000,1,SNLE,0.015248775482177734
28000,1,SNLE,0.007935285568237305
32000,1,SNLE,0.013108253479003906
36000,1,SNLE,0.005318999290466309
40000,1,SNLE,0.018426179885864258
