num_simulations,num_observation,algorithm,C2ST
4000,1,SNLE,0.9836500287055969
8000,1,SNLE,0.953249990940094
12000,1,SNLE,0.887499988079071
16000,1,SNLE,0.9035000205039978
20000,1,SNLE,0.9049999713897705
24000,1,SNLE,0.9035000205039978
28000,1,SNLE,0.8861500024795532
32000,1,SNLE,0.909500002861023
36000,1,SNLE,0.8774999976158142
40000,1,SNLE,0.89205002784729
