num_simulations,num_observation,algorithm,EMDP2
4000,1,SNLE,1.9301883988664041
8000,1,SNLE,2.2398882828073643
12000,1,SNLE,1.2190950410042787
16000,1,SNLE,1.0952162923794273
20000,1,SNLE,1.752643722996825
24000,1,SNLE,1.718185945533182
28000,1,SNLE,1.6342951564540007
32000,1,SNLE,1.5347057791408936
36000,1,SNLE,1.2015126289363804
40000,1,SNLE,1.1389028997824446
