num_simulations,num_observation,algorithm,MMD
4000,1,SNLE,0.22365570068359375
8000,1,SNLE,0.41232478618621826
12000,1,SNLE,0.09707379341125488
16000,1,SNLE,0.06857752799987793
20000,1,SNLE,0.25265002250671387
24000,1,SNLE,0.24162495136260986
28000,1,SNLE,0.212968111038208
32000,1,SNLE,0.15668797492980957
36000,1,SNLE,0.08838546276092529
40000,1,SNLE,0.057328224182128906
