num_simulations,num_observation,algorithm,C2ST
2500,10,JASS,0.6348000168800354
5000,10,JASS,0.5803999900817871
7500,10,JASS,0.5968499779701233
10000,10,JASS,0.5686500072479248
