num_simulations,num_observation,algorithm,EMDP2
2500,10,JASS,0.08653526471172554
5000,10,JASS,0.05391311618160563
7500,10,JASS,0.03796771348875365
10000,10,JASS,0.06115476123106907
