num_simulations,num_observation,algorithm,MMD
2500,10,JASS,0.01965200901031494
5000,10,JASS,0.003546476364135742
7500,10,JASS,0.001736283302307129
10000,10,JASS,0.006122946739196777
