num_simulations,num_observation,algorithm,C2ST
10000,1,JASS,0.9369500279426575
20000,1,JASS,0.9132500290870667
30000,1,JASS,0.7750999927520752
40000,1,JASS,0.7435500025749207
