num_simulations,num_observation,algorithm,EMDP2
10000,1,JASS,0.9711382679669214
20000,1,JASS,0.46834106076548815
30000,1,JASS,0.16160939894179674
40000,1,JASS,0.1453086610325689
