num_simulations,num_observation,algorithm,MMD
10000,1,JASS,0.5466974973678589
20000,1,JASS,0.4158148765563965
30000,1,JASS,0.031163454055786133
40000,1,JASS,0.028891801834106445
