num_simulations,num_observation,algorithm,C2ST
10000,1,SNPE,0.9536499977111816
20000,1,SNPE,0.9596499800682068
30000,1,SNPE,0.8823999762535095
40000,1,SNPE,0.8062499761581421
