num_simulations,num_observation,algorithm,EMDP2
10000,1,SNPE,1.8560168190904567
20000,1,SNPE,1.9101622019055013
30000,1,SNPE,1.4165391627711237
40000,1,SNPE,1.0204866559192534
