num_simulations,num_observation,algorithm,MMD
10000,1,SNPE,0.38681894540786743
20000,1,SNPE,0.4151759445667267
30000,1,SNPE,0.25542956590652466
40000,1,SNPE,0.14347809553146362
