num_simulations,num_observation,algorithm,C2ST
2500,5,JASS,0.6767500042915344
5000,5,JASS,0.5357999801635742
7500,5,JASS,0.5360999703407288
10000,5,JASS,0.49880000948905945
