num_simulations,num_observation,algorithm,EMDP2
2500,5,JASS,0.6545746844336021
5000,5,JASS,0.4283347118272401
7500,5,JASS,0.29406538665876397
10000,5,JASS,0.20488709393879934
