num_simulations,num_observation,algorithm,MMD
2500,5,JASS,0.012679100036621094
5000,5,JASS,0.002549886703491211
7500,5,JASS,0.0005584955215454102
10000,5,JASS,8.857250213623047e-05
