num_simulations,num_observation,algorithm,C2ST
1000,9,SNLE,0.7488499879837036
2000,9,SNLE,0.6620500087738037
3000,9,SNLE,0.6547499895095825
4000,9,SNLE,0.6212499737739563
5000,9,SNLE,0.6195499897003174
6000,9,SNLE,0.6065000295639038
7000,9,SNLE,0.6095499992370605
8000,9,SNLE,0.5795000195503235
9000,9,SNLE,0.568149983882904
10000,9,SNLE,0.562749981880188
