num_simulations,num_observation,algorithm,EMDP2
1000,9,SNLE,0.12122884833449452
2000,9,SNLE,0.12202462750360915
3000,9,SNLE,0.12362256956133554
4000,9,SNLE,0.1229348993446765
5000,9,SNLE,0.12277043263827273
6000,9,SNLE,0.1216536193984799
7000,9,SNLE,0.12218834817328814
8000,9,SNLE,0.12050043887403378
9000,9,SNLE,0.1214677498436987
10000,9,SNLE,0.12088427903648322
