num_simulations,num_observation,algorithm,C2ST
4000,1,SNLE,0.9943000078201294
8000,1,SNLE,0.9090499877929688
12000,1,SNLE,0.8590999841690063
16000,1,SNLE,0.8578000068664551
20000,1,SNLE,0.856249988079071
24000,1,SNLE,0.8706499934196472
28000,1,SNLE,0.8756499886512756
32000,1,SNLE,0.888949990272522
36000,1,SNLE,0.8828999996185303
40000,1,SNLE,0.8880000114440918
