num_simulations,num_observation,algorithm,EMDP2
4000,1,SNLE,2.9589848909079755
8000,1,SNLE,1.5071192958486526
12000,1,SNLE,1.1059046601980327
16000,1,SNLE,1.033219778515449
20000,1,SNLE,0.9583788366683728
24000,1,SNLE,1.1726291151973247
28000,1,SNLE,1.1974040277615523
32000,1,SNLE,1.3227048779028907
36000,1,SNLE,1.25059330861832
40000,1,SNLE,1.2660421950152445
