num_simulations,num_observation,algorithm,MMD
4000,1,SNLE,0.6933212876319885
8000,1,SNLE,0.16345787048339844
12000,1,SNLE,0.08929765224456787
16000,1,SNLE,0.07402920722961426
20000,1,SNLE,0.05916929244995117
24000,1,SNLE,0.09614062309265137
28000,1,SNLE,0.09672510623931885
32000,1,SNLE,0.12645411491394043
36000,1,SNLE,0.1073375940322876
40000,1,SNLE,0.11232507228851318
