num_simulations,num_observation,algorithm,C2ST
2500,5,SNPE,0.6751999855041504
5000,5,SNPE,0.6119999885559082
7500,5,SNPE,0.5914000272750854
10000,5,SNPE,0.5590000152587891
