num_simulations,num_observation,algorithm,MMD
2500,5,SNPE,0.0017366409301757812
5000,5,SNPE,0.00020444393157958984
7500,5,SNPE,0.0003904104232788086
10000,5,SNPE,0.0008494853973388672
