num_simulations,num_observation,algorithm,C2ST
10000,1,SNPE,0.9556999802589417
20000,1,SNPE,0.9053999781608582
30000,1,SNPE,0.7760999798774719
40000,1,SNPE,0.7455499768257141
