num_simulations,num_observation,algorithm,EMDP2
10000,1,SNPE,1.8953301035112213
20000,1,SNPE,1.3885352269680389
30000,1,SNPE,0.7436288739105582
40000,1,SNPE,0.5818563258566258
