num_simulations,num_observation,algorithm,MMD
10000,1,SNPE,0.387340247631073
20000,1,SNPE,0.26582562923431396
30000,1,SNPE,0.07720565795898438
40000,1,SNPE,0.03603106737136841
