num_simulations,num_observation,algorithm,C2ST
10000,1,SNPE,0.7813500165939331
20000,1,SNPE,0.7494000196456909
30000,1,SNPE,0.7570000290870667
40000,1,SNPE,0.7829999923706055
