num_simulations,num_observation,algorithm,EMDP2
10000,1,SNPE,0.41161768896029377
20000,1,SNPE,0.49178485818963213
30000,1,SNPE,0.4222014994533911
40000,1,SNPE,0.39659823086764756
