num_simulations,num_observation,algorithm,MMD
10000,1,SNPE,0.005263209342956543
20000,1,SNPE,0.008148789405822754
30000,1,SNPE,0.003978610038757324
40000,1,SNPE,0.003289341926574707
