num_simulations,num_observation,algorithm,C2ST
10000,1,JASS,0.871399998664856
20000,1,JASS,0.9158999919891357
30000,1,JASS,0.7583000063896179
40000,1,JASS,0.7289000153541565
