num_simulations,num_observation,algorithm,EMDP2
10000,1,JASS,0.6384207914012084
20000,1,JASS,0.3564854616717492
30000,1,JASS,0.18865204031948812
40000,1,JASS,0.14478823867285012
