num_simulations,num_observation,algorithm,MMD
10000,1,JASS,0.29566729068756104
20000,1,JASS,0.39254599809646606
30000,1,JASS,0.07557141780853271
40000,1,JASS,0.039461493492126465
