num_simulations,num_observation,algorithm,C2ST
4000,1,SNLE,0.9948999881744385
8000,1,SNLE,0.988099992275238
12000,1,SNLE,0.9610999822616577
16000,1,SNLE,0.9388999938964844
20000,1,SNLE,0.9298499822616577
24000,1,SNLE,0.9147999882698059
28000,1,SNLE,0.8999500274658203
32000,1,SNLE,0.881600022315979
36000,1,SNLE,0.8881499767303467
40000,1,SNLE,0.9063500165939331
