num_simulations,num_observation,algorithm,EMDP2
4000,1,SNLE,2.520429009813996
8000,1,SNLE,2.7531351573214726
12000,1,SNLE,2.203625403250541
16000,1,SNLE,1.9379523100806524
20000,1,SNLE,1.6948229293758719
24000,1,SNLE,1.8344124997281672
28000,1,SNLE,1.6852897918015
32000,1,SNLE,1.4580615519772335
36000,1,SNLE,1.5347540128965604
40000,1,SNLE,1.6343378979875547
