num_simulations,num_observation,algorithm,MMD
4000,1,SNLE,0.4541761875152588
8000,1,SNLE,0.5889303684234619
12000,1,SNLE,0.3318694233894348
16000,1,SNLE,0.2549020051956177
20000,1,SNLE,0.18747389316558838
24000,1,SNLE,0.22671473026275635
28000,1,SNLE,0.18897581100463867
32000,1,SNLE,0.13960790634155273
36000,1,SNLE,0.15470123291015625
40000,1,SNLE,0.15938270092010498
