num_simulations,num_observation,algorithm,MMD
2500,9,SNLE,0.016211748123168945
5000,9,SNLE,0.01019209623336792
7500,9,SNLE,0.0067299604415893555
10000,9,SNLE,0.0050141215324401855
