num_simulations,num_observation,algorithm,C2ST
10000,1,SNLE,0.899649977684021
20000,1,SNLE,0.9243000149726868
30000,1,SNLE,0.883899986743927
40000,1,SNLE,0.8874499797821045
