num_simulations,num_observation,algorithm,EMDP2
10000,1,SNLE,1.3255280563646121
20000,1,SNLE,1.9809335349473958
30000,1,SNLE,1.0315203904507408
40000,1,SNLE,1.0441818476685651
