num_simulations,num_observation,algorithm,MMD
10000,1,SNLE,0.06585836410522461
20000,1,SNLE,0.2618134021759033
30000,1,SNLE,0.03635871410369873
40000,1,SNLE,0.04686439037322998
