num_simulations,num_observation,algorithm,C2ST
10000,1,JASS,0.914900004863739
20000,1,JASS,0.8853499889373779
30000,1,JASS,0.7934499979019165
40000,1,JASS,0.7558500170707703
