num_simulations,num_observation,algorithm,EMDP2
10000,1,JASS,0.7694900214995068
20000,1,JASS,0.28572625194197265
30000,1,JASS,0.16653205214200179
40000,1,JASS,0.1184337935458589
