num_simulations,num_observation,algorithm,MMD
10000,1,JASS,0.39684489369392395
20000,1,JASS,0.17219889163970947
30000,1,JASS,0.05310523509979248
40000,1,JASS,0.019647836685180664
