num_simulations,num_observation,algorithm,C2ST
4000,1,SNLE,0.7918499708175659
8000,1,SNLE,0.7416999936103821
12000,1,SNLE,0.7131999731063843
16000,1,SNLE,0.6625499725341797
20000,1,SNLE,0.6970000267028809
24000,1,SNLE,0.626550018787384
28000,1,SNLE,0.62295001745224
32000,1,SNLE,0.6040999889373779
36000,1,SNLE,0.6590499877929688
40000,1,SNLE,0.6040499806404114
