num_simulations,num_observation,algorithm,EMDP2
4000,1,SNLE,0.1931603080379086
8000,1,SNLE,0.21819114257447852
12000,1,SNLE,0.19199781058225548
16000,1,SNLE,0.13804008748816607
20000,1,SNLE,0.11919989925972005
24000,1,SNLE,0.08987523703721408
28000,1,SNLE,0.11694028226248412
32000,1,SNLE,0.1103440561950161
36000,1,SNLE,0.16186805584498337
40000,1,SNLE,0.11518294447904505
