num_simulations,num_observation,algorithm,MMD
4000,1,SNLE,0.06883782148361206
8000,1,SNLE,0.07455486059188843
12000,1,SNLE,0.06068509817123413
16000,1,SNLE,0.025844812393188477
20000,1,SNLE,0.031201601028442383
24000,1,SNLE,0.008544087409973145
28000,1,SNLE,0.017836689949035645
32000,1,SNLE,0.013713836669921875
36000,1,SNLE,0.0476682186126709
40000,1,SNLE,0.018167495727539062
