num_simulations,num_observation,algorithm,EMDP2
2500,1,SNLE,0.398057720181044
5000,1,SNLE,0.5282012252454319
7500,1,SNLE,0.4342936109302404
10000,1,SNLE,0.6253317170501765
