num_simulations,num_observation,algorithm,C2ST
10000,1,JASS,0.6538000106811523
20000,1,JASS,0.600849986076355
30000,1,JASS,0.5748000144958496
40000,1,JASS,0.597599983215332
