num_simulations,num_observation,algorithm,EMDP2
10000,1,JASS,0.3898238816433501
20000,1,JASS,0.3122097485079477
30000,1,JASS,0.33986190845409514
40000,1,JASS,0.37471867950914606
