num_simulations,num_observation,algorithm,MMD
10000,1,JASS,0.0029278993606567383
20000,1,JASS,0.002566218376159668
30000,1,JASS,0.004438996315002441
40000,1,JASS,0.006042838096618652
