num_simulations,num_observation,algorithm,C2ST
2500,1,SEMPLE,0.6843500137329102
5000,1,SEMPLE,0.6266999840736389
7500,1,SEMPLE,0.6074000000953674
10000,1,SEMPLE,0.5892999768257141
