num_simulations,num_observation,algorithm,EMDP2
2500,1,SEMPLE,0.42323737761486624
5000,1,SEMPLE,0.5515936089657552
7500,1,SEMPLE,0.3124292046049053
10000,1,SEMPLE,0.2751605508338582
