num_simulations,num_observation,algorithm,MMD
2500,1,SEMPLE,0.0019837617874145508
5000,1,SEMPLE,0.011574149131774902
7500,1,SEMPLE,0.0010755062103271484
10000,1,SEMPLE,0.0010857582092285156
