num_simulations,num_observation,algorithm,C2ST
2500,1,JASS,0.5794500112533569
5000,1,JASS,0.5221999883651733
7500,1,JASS,0.5270000100135803
10000,1,JASS,0.5134999752044678
