num_simulations,num_observation,algorithm,EMDP2
2500,1,JASS,0.2866942047624406
5000,1,JASS,0.31127961916384145
7500,1,JASS,0.4198028374989941
10000,1,JASS,0.315463083548346
