num_simulations,num_observation,algorithm,MMD
2500,1,JASS,0.0006803274154663086
5000,1,JASS,0.0007688999176025391
7500,1,JASS,0.002494335174560547
10000,1,JASS,0.0008176565170288086
