num_simulations,num_observation,algorithm,C2ST
5000,5,SEMPLE,0.5472000241279602
10000,5,SEMPLE,0.6811000108718872
