num_simulations,num_observation,algorithm,EMDP2
5000,5,SEMPLE,0.43166553533198326
10000,5,SEMPLE,0.4303548252505625
