num_simulations,num_observation,algorithm,MMD
5000,5,SEMPLE,0.0040645599365234375
10000,5,SEMPLE,0.0003701448440551758
