num_simulations,num_observation,algorithm,C2ST
10000,1,JASS,0.6634500026702881
20000,1,JASS,0.5663999915122986
30000,1,JASS,0.5540000200271606
40000,1,JASS,0.5687999725341797
