num_simulations,num_observation,algorithm,EMDP2
10000,1,JASS,0.3074502271286326
20000,1,JASS,0.29197378016850234
30000,1,JASS,0.2135814509173087
40000,1,JASS,0.2770187651805953
