num_simulations,num_observation,algorithm,MMD
10000,1,JASS,0.0013343095779418945
20000,1,JASS,0.0022612810134887695
30000,1,JASS,0.001748204231262207
40000,1,JASS,0.0033447742462158203
