num_simulations,num_observation,algorithm,C2ST
4000,1,SNPE,0.7228999733924866
8000,1,SNPE,0.7113000154495239
12000,1,SNPE,0.6892499923706055
16000,1,SNPE,0.7127000093460083
20000,1,SNPE,0.6902999877929688
24000,1,SNPE,0.6950500011444092
28000,1,SNPE,0.7124500274658203
32000,1,SNPE,0.7325000166893005
36000,1,SNPE,0.7199500203132629
40000,1,SNPE,0.743149995803833
