num_simulations,num_observation,algorithm,EMDP2
4000,1,SNPE,0.33622649606189825
8000,1,SNPE,0.3797911089967352
12000,1,SNPE,0.39579963578189176
16000,1,SNPE,0.3748079189825173
20000,1,SNPE,0.37961618914182854
24000,1,SNPE,0.46189251895661204
28000,1,SNPE,0.4798645834933034
32000,1,SNPE,0.5173723150360814
36000,1,SNPE,0.45784678931554634
40000,1,SNPE,0.4288245746190366
