num_simulations,num_observation,algorithm,MMD
4000,1,SNPE,0.0027561187744140625
8000,1,SNPE,0.004176497459411621
12000,1,SNPE,0.0041474103927612305
16000,1,SNPE,0.0030679702758789062
20000,1,SNPE,0.0033004283905029297
24000,1,SNPE,0.006039261817932129
28000,1,SNPE,0.006362438201904297
32000,1,SNPE,0.007759213447570801
36000,1,SNPE,0.005350947380065918
40000,1,SNPE,0.004224538803100586
