num_simulations,num_observation,algorithm,C2ST
4000,1,SNPE,0.9593499898910522
8000,1,SNPE,0.9592499732971191
12000,1,SNPE,0.9588000178337097
16000,1,SNPE,0.8911499977111816
20000,1,SNPE,0.8059499859809875
24000,1,SNPE,0.8001499772071838
28000,1,SNPE,0.7264000177383423
32000,1,SNPE,0.7220500111579895
36000,1,SNPE,0.7067000269889832
40000,1,SNPE,0.6814000010490417
