num_simulations,num_observation,algorithm,EMDP2
4000,1,SNPE,1.8316116728987444
8000,1,SNPE,1.9017968614379384
12000,1,SNPE,1.8844794244743255
16000,1,SNPE,1.2901699464753282
20000,1,SNPE,0.8686021304422009
24000,1,SNPE,0.7371277619750372
28000,1,SNPE,0.5422631620012855
32000,1,SNPE,0.4774436903152991
36000,1,SNPE,0.41706573318819834
40000,1,SNPE,0.3011308981804858
