num_simulations,num_observation,algorithm,MMD
4000,1,SNPE,0.3657224476337433
8000,1,SNPE,0.4024515450000763
12000,1,SNPE,0.3991662859916687
16000,1,SNPE,0.23902833461761475
20000,1,SNPE,0.11012351512908936
24000,1,SNPE,0.08006048202514648
28000,1,SNPE,0.038336098194122314
32000,1,SNPE,0.02741008996963501
36000,1,SNPE,0.019385576248168945
40000,1,SNPE,0.012310266494750977
