num_simulations,num_observation,algorithm,C2ST
10000,1,SNPE,0.9551500082015991
20000,1,SNPE,0.8888499736785889
30000,1,SNPE,0.8253499865531921
40000,1,SNPE,0.7961000204086304
