num_simulations,num_observation,algorithm,EMDP2
10000,1,SNPE,1.8743472484821506
20000,1,SNPE,1.3443964914472668
30000,1,SNPE,1.0735948791335885
40000,1,SNPE,0.9423954981615932
