num_simulations,num_observation,algorithm,MMD
10000,1,SNPE,0.38509225845336914
20000,1,SNPE,0.24484878778457642
30000,1,SNPE,0.13515925407409668
40000,1,SNPE,0.10105955600738525
