num_simulations,num_observation,algorithm,C2ST
10000,1,JASS,0.6316499710083008
20000,1,JASS,0.5863500237464905
30000,1,JASS,0.5949500203132629
40000,1,JASS,0.5768499970436096
