num_simulations,num_observation,algorithm,EMDP2
10000,1,JASS,0.2969382002148939
20000,1,JASS,0.3257372552129657
30000,1,JASS,0.31768314079993826
40000,1,JASS,0.2950756869045053
