num_simulations,num_observation,algorithm,MMD
10000,1,JASS,0.0007098913192749023
20000,1,JASS,0.0026361942291259766
30000,1,JASS,0.003930926322937012
40000,1,JASS,0.003695368766784668
