num_simulations,num_observation,algorithm,C2ST
1000,10,SNPE,0.8561000227928162
2000,10,SNPE,0.715149998664856
3000,10,SNPE,0.7072499990463257
4000,10,SNPE,0.6792500019073486
5000,10,SNPE,0.6773999929428101
6000,10,SNPE,0.6744999885559082
7000,10,SNPE,0.6700000166893005
8000,10,SNPE,0.6317499876022339
9000,10,SNPE,0.6165500283241272
10000,10,SNPE,0.5900499820709229
