num_simulations,num_observation,algorithm,EMDP2
1000,10,SNPE,0.08031683573660506
2000,10,SNPE,0.06983073920969463
3000,10,SNPE,0.07665854101020353
4000,10,SNPE,0.07292740158609276
5000,10,SNPE,0.07757683267852772
6000,10,SNPE,0.0791464358610315
7000,10,SNPE,0.08580075898388802
8000,10,SNPE,0.06995049176023936
9000,10,SNPE,0.06982143738908621
10000,10,SNPE,0.07343511973066412
