num_simulations,num_observation,algorithm,MMD
1000,10,SNPE,0.007327556610107422
2000,10,SNPE,0.0022701025009155273
3000,10,SNPE,0.002306222915649414
4000,10,SNPE,0.0007673501968383789
5000,10,SNPE,0.002965569496154785
6000,10,SNPE,0.0018728971481323242
7000,10,SNPE,0.0020439624786376953
8000,10,SNPE,0.0016510486602783203
9000,10,SNPE,0.0009636878967285156
10000,10,SNPE,0.0008636713027954102
