num_simulations,num_observation,algorithm,C2ST
5000,2,SNLE,0.6091499924659729
10000,2,SNLE,0.5638499855995178
