num_simulations,num_observation,algorithm,EMDP2
5000,2,SNLE,0.7673815545925462
10000,2,SNLE,0.7071367936663643
