num_simulations,num_observation,algorithm,C2ST
10000,1,JASS,0.6449499726295471
20000,1,JASS,0.5915499925613403
30000,1,JASS,0.5569499731063843
40000,1,JASS,0.5707499980926514
