num_simulations,num_observation,algorithm,EMDP2
10000,1,JASS,0.37167437000781356
20000,1,JASS,0.3931915256819839
30000,1,JASS,0.27484130788886174
40000,1,JASS,0.33446135111079633
