num_simulations,num_observation,algorithm,MMD
10000,1,JASS,0.0032843351364135742
20000,1,JASS,0.005268096923828125
30000,1,JASS,0.0019958019256591797
40000,1,JASS,0.004531264305114746
