num_simulations,num_observation,algorithm,C2ST
10000,1,JASS,0.6482999920845032
20000,1,JASS,0.5952000021934509
30000,1,JASS,0.5874500274658203
40000,1,JASS,0.5936999917030334
