num_simulations,num_observation,algorithm,EMDP2
10000,1,JASS,0.6078200955607199
20000,1,JASS,0.2906898652155482
30000,1,JASS,0.2790845402228673
40000,1,JASS,0.28238312767243245
