num_simulations,num_observation,algorithm,MMD
10000,1,JASS,0.013046979904174805
20000,1,JASS,0.0022835731506347656
30000,1,JASS,0.0025911331176757812
40000,1,JASS,0.00412297248840332
