num_simulations,num_observation,algorithm,C2ST
2500,10,SNPE,0.739549994468689
5000,10,SNPE,0.6905999779701233
7500,10,SNPE,0.6586499810218811
10000,10,SNPE,0.6505500078201294
