num_simulations,num_observation,algorithm,MMD
2500,10,SNPE,0.0076406002044677734
5000,10,SNPE,0.0035043954849243164
7500,10,SNPE,0.0007879734039306641
10000,10,SNPE,0.0009167194366455078
