num_simulations,num_observation,algorithm,C2ST
4000,1,SNPE,0.736299991607666
8000,1,SNPE,0.7138000130653381
12000,1,SNPE,0.7328500151634216
16000,1,SNPE,0.7172499895095825
20000,1,SNPE,0.7298499941825867
24000,1,SNPE,0.7480999827384949
28000,1,SNPE,0.7060499787330627
32000,1,SNPE,0.759850025177002
36000,1,SNPE,0.7251499891281128
40000,1,SNPE,0.7339500188827515
