num_simulations,num_observation,algorithm,EMDP2
4000,1,SNPE,0.36537711362995495
8000,1,SNPE,0.4144990987431896
12000,1,SNPE,0.4505606132655686
16000,1,SNPE,0.4357690434585524
20000,1,SNPE,0.46650160203195284
24000,1,SNPE,0.4327349561031393
28000,1,SNPE,0.42414477811223605
32000,1,SNPE,0.40944807105733105
36000,1,SNPE,0.42015380039387207
40000,1,SNPE,0.420005617435564
