num_simulations,num_observation,algorithm,MMD
4000,1,SNPE,0.0030465126037597656
8000,1,SNPE,0.004723906517028809
12000,1,SNPE,0.004889726638793945
16000,1,SNPE,0.00424802303314209
20000,1,SNPE,0.005161643028259277
24000,1,SNPE,0.004164218902587891
28000,1,SNPE,0.004268050193786621
32000,1,SNPE,0.003710508346557617
36000,1,SNPE,0.004489541053771973
40000,1,SNPE,0.004269957542419434
