num_simulations,num_observation,algorithm,C2ST
10000,1,SNPE,0.7510499954223633
20000,1,SNPE,0.7221999764442444
30000,1,SNPE,0.7106500267982483
40000,1,SNPE,0.7760499715805054
