num_simulations,num_observation,algorithm,EMDP2
10000,1,SNPE,0.3344309908103234
20000,1,SNPE,0.48285754774425327
30000,1,SNPE,0.4674649475186625
40000,1,SNPE,0.47378292778859227
