num_simulations,num_observation,algorithm,MMD
10000,1,SNPE,0.002140045166015625
20000,1,SNPE,0.008957982063293457
30000,1,SNPE,0.006409049034118652
40000,1,SNPE,0.00561976432800293
