num_simulations,num_observation,algorithm,C2ST
2500,1,SNPE,0.7496500015258789
5000,1,SNPE,0.7377499938011169
7500,1,SNPE,0.7098000049591064
10000,1,SNPE,0.72079998254776
