num_simulations,num_observation,algorithm,EMDP2
2500,1,SNPE,0.36722049041668786
5000,1,SNPE,0.439025327123402
7500,1,SNPE,0.41930533264128733
10000,1,SNPE,0.41452173684050464
