num_simulations,num_observation,algorithm,MMD
2500,1,SNPE,0.004487037658691406
5000,1,SNPE,0.006769418716430664
7500,1,SNPE,0.0035277605056762695
10000,1,SNPE,0.0031766891479492188
