num_simulations,num_observation,algorithm,C2ST
4000,1,SNLE,0.715149998664856
8000,1,SNLE,0.7124999761581421
12000,1,SNLE,0.6953499913215637
16000,1,SNLE,0.6901999711990356
20000,1,SNLE,0.6893500089645386
24000,1,SNLE,0.6515499949455261
28000,1,SNLE,0.6182000041007996
32000,1,SNLE,0.605650007724762
36000,1,SNLE,0.604449987411499
40000,1,SNLE,0.5972999930381775
