num_simulations,num_observation,algorithm,EMDP2
4000,1,SNLE,0.13801699367309997
8000,1,SNLE,0.12697220745463833
12000,1,SNLE,0.12286062944658142
16000,1,SNLE,0.13363749079693896
20000,1,SNLE,0.10139416860614464
24000,1,SNLE,0.07503048781191528
28000,1,SNLE,0.10370952712842456
32000,1,SNLE,0.08754252164240217
36000,1,SNLE,0.12052824214145792
40000,1,SNLE,0.10605233193424071
