num_simulations,num_observation,algorithm,MMD
4000,1,SNLE,0.034536898136138916
8000,1,SNLE,0.03457045555114746
12000,1,SNLE,0.031893014907836914
16000,1,SNLE,0.033532142639160156
20000,1,SNLE,0.026534438133239746
24000,1,SNLE,0.012259840965270996
28000,1,SNLE,0.012553095817565918
32000,1,SNLE,0.008023262023925781
36000,1,SNLE,0.019834280014038086
40000,1,SNLE,0.013026118278503418
