num_simulations,num_observation,algorithm,C2ST
10000,1,JASS,0.6510999798774719
20000,1,JASS,0.5954499840736389
30000,1,JASS,0.5735499858856201
40000,1,JASS,0.586899995803833
