num_simulations,num_observation,algorithm,EMDP2
10000,1,JASS,0.3017106806858165
20000,1,JASS,0.2857954644885193
30000,1,JASS,0.2522991494109244
40000,1,JASS,0.3808994534718597
