num_simulations,num_observation,algorithm,MMD
10000,1,JASS,0.0007489919662475586
20000,1,JASS,0.0025277137756347656
30000,1,JASS,0.0016245841979980469
40000,1,JASS,0.005884408950805664
