num_simulations,num_observation,algorithm,C2ST
10000,1,SNPE,0.9552500247955322
20000,1,SNPE,0.9408000111579895
30000,1,SNPE,0.8227999806404114
40000,1,SNPE,0.7595499753952026
