num_simulations,num_observation,algorithm,EMDP2
10000,1,SNPE,1.9132757366015778
20000,1,SNPE,1.7999127850383496
30000,1,SNPE,0.9234485792027176
40000,1,SNPE,0.7440776235232653
