num_simulations,num_observation,algorithm,MMD
10000,1,SNPE,0.39121872186660767
20000,1,SNPE,0.3584630787372589
30000,1,SNPE,0.10689324140548706
40000,1,SNPE,0.05233830213546753
