num_simulations,num_observation,algorithm,MMD
2500,6,SNLE,0.0009824037551879883
5000,6,SNLE,0.002390742301940918
7500,6,SNLE,0.0005356073379516602
10000,6,SNLE,0.0004323720932006836
