num_simulations,num_observation,algorithm,EMDP2
1000,6,SNLE,0.031238187238955308
2000,6,SNLE,0.14626312310876433
3000,6,SNLE,0.2006852488732801
4000,6,SNLE,0.19873684494956337
5000,6,SNLE,0.19798427454593492
6000,6,SNLE,0.197742149953697
7000,6,SNLE,0.19612010839347493
8000,6,SNLE,0.1917979234612703
9000,6,SNLE,0.19529572849972368
10000,6,SNLE,0.19717882072052867
