num_simulations,num_observation,algorithm,MMD
1000,6,SNLE,1.609325408935547e-05
2000,6,SNLE,0.0014374256134033203
3000,6,SNLE,0.004874467849731445
4000,6,SNLE,0.004600644111633301
5000,6,SNLE,0.004707813262939453
6000,6,SNLE,0.004698514938354492
7000,6,SNLE,0.004649639129638672
8000,6,SNLE,0.004458308219909668
9000,6,SNLE,0.004621386528015137
10000,6,SNLE,0.004735589027404785
