num_simulations,num_observation,algorithm,C2ST
2500,2,SNPE,0.6686999797821045
5000,2,SNPE,0.6793500185012817
7500,2,SNPE,0.6128000020980835
10000,2,SNPE,0.5683500170707703
