num_simulations,num_observation,algorithm,C2ST
20000,4,JASS,0.9792500138282776
40000,4,JASS,0.9850500226020813
60000,4,JASS,0.9870499968528748
80000,4,JASS,0.9813500046730042
