num_simulations,num_observation,algorithm,EMDP2
20000,4,JASS,1.788556140526171
40000,4,JASS,1.9426742997931503
60000,4,JASS,1.923967919672671
80000,4,JASS,1.8371529527584674
