num_simulations,num_observation,algorithm,MMD
20000,4,JASS,0.08816033601760864
40000,4,JASS,0.12359118461608887
60000,4,JASS,0.12327420711517334
80000,4,JASS,0.10946446657180786
