num_simulations,num_observation,algorithm,C2ST
2500,3,JASS,0.6423500180244446
5000,3,JASS,0.567300021648407
7500,3,JASS,0.5285000205039978
10000,3,JASS,0.5382999777793884
