num_simulations,num_observation,algorithm,EMDP2
2500,3,JASS,0.26370711333994723
5000,3,JASS,0.04502204383432754
7500,3,JASS,0.07749468197543533
10000,3,JASS,0.025498670434650123
