num_simulations,num_observation,algorithm,MMD
2500,3,JASS,0.05261576175689697
5000,3,JASS,6.556510925292969e-06
7500,3,JASS,0.0004636049270629883
10000,3,JASS,7.271766662597656e-05
