num_simulations,num_observation,algorithm,C2ST
10000,1,SNLE,0.9722999930381775
20000,1,SNLE,0.9890499711036682
30000,1,SNLE,0.959850013256073
40000,1,SNLE,0.8553500175476074
