num_simulations,num_observation,algorithm,EMDP2
10000,1,SNLE,2.2582192483171664
20000,1,SNLE,1.894835656284667
30000,1,SNLE,1.9131935198456298
40000,1,SNLE,0.8041161221489813
