num_simulations,num_observation,algorithm,MMD
10000,1,SNLE,0.3971189260482788
20000,1,SNLE,0.24959290027618408
30000,1,SNLE,0.26504528522491455
40000,1,SNLE,0.04340839385986328
