num_simulations,num_observation,algorithm,C2ST
4000,1,SNLE,0.9945499897003174
8000,1,SNLE,0.9768499732017517
12000,1,SNLE,0.8893499970436096
16000,1,SNLE,0.8897500038146973
20000,1,SNLE,0.8831999897956848
24000,1,SNLE,0.8712999820709229
28000,1,SNLE,0.8865500092506409
32000,1,SNLE,0.8838499784469604
36000,1,SNLE,0.8895000219345093
40000,1,SNLE,0.8921499848365784
