num_simulations,num_observation,algorithm,EMDP2
4000,1,SNLE,2.506305029714123
8000,1,SNLE,2.139702827895059
12000,1,SNLE,1.5020418650625125
16000,1,SNLE,1.589960332272019
20000,1,SNLE,1.4632233234605616
24000,1,SNLE,1.0714658989803068
28000,1,SNLE,1.2622977240505902
32000,1,SNLE,1.2170264781448705
36000,1,SNLE,1.388291350299405
40000,1,SNLE,1.3472433449137502
