num_simulations,num_observation,algorithm,MMD
4000,1,SNLE,0.45999717712402344
8000,1,SNLE,0.34610891342163086
12000,1,SNLE,0.15977168083190918
16000,1,SNLE,0.18045055866241455
20000,1,SNLE,0.1499084234237671
24000,1,SNLE,0.07062888145446777
28000,1,SNLE,0.09889042377471924
32000,1,SNLE,0.08784174919128418
36000,1,SNLE,0.12237954139709473
40000,1,SNLE,0.10979855060577393
