num_simulations,num_observation,algorithm,C2ST
10000,1,SNLE,0.8873000144958496
20000,1,SNLE,0.9022499918937683
30000,1,SNLE,0.885450005531311
40000,1,SNLE,0.9130499958992004
