num_simulations,num_observation,algorithm,EMDP2
10000,1,SNLE,1.1087650963826081
20000,1,SNLE,1.4760838311726259
30000,1,SNLE,1.2812533943217772
40000,1,SNLE,1.39811356103208
