num_simulations,num_observation,algorithm,MMD
10000,1,SNLE,0.08696579933166504
20000,1,SNLE,0.1708585023880005
30000,1,SNLE,0.11511027812957764
40000,1,SNLE,0.14173591136932373
