num_simulations,num_observation,algorithm,C2ST
1000,1,SNLE,0.7259500026702881
2000,1,SNLE,0.5594499707221985
3000,1,SNLE,0.56045001745224
4000,1,SNLE,0.5617499947547913
5000,1,SNLE,0.5649999976158142
6000,1,SNLE,0.5545499920845032
7000,1,SNLE,0.5685499906539917
8000,1,SNLE,0.5744500160217285
9000,1,SNLE,0.5650500059127808
10000,1,SNLE,0.5759999752044678
