num_simulations,num_observation,algorithm,EMDP2
1000,1,SNLE,1.1230312203778001
2000,1,SNLE,0.6100020472407689
3000,1,SNLE,0.7533013775957279
4000,1,SNLE,0.7507604649487445
5000,1,SNLE,0.732133087669592
6000,1,SNLE,0.7492757596706328
7000,1,SNLE,0.8335039496208273
8000,1,SNLE,0.8245624844648974
9000,1,SNLE,0.7821059353035378
10000,1,SNLE,0.8865830139191867
