num_simulations,num_observation,algorithm,MMD
1000,1,SNLE,0.11217403411865234
2000,1,SNLE,0.0051310062408447266
3000,1,SNLE,0.023225069046020508
4000,1,SNLE,0.02404022216796875
5000,1,SNLE,0.022093534469604492
6000,1,SNLE,0.02450549602508545
7000,1,SNLE,0.040375709533691406
8000,1,SNLE,0.03860795497894287
9000,1,SNLE,0.030893802642822266
10000,1,SNLE,0.04874718189239502
