num_simulations,num_observation,algorithm,C2ST
20000,9,SNPE,0.8913499712944031
40000,9,SNPE,0.852400004863739
60000,9,SNPE,0.7853000164031982
80000,9,SNPE,0.7526500225067139
