num_simulations,num_observation,algorithm,EMDP2
20000,9,SNPE,1.757033179853155
40000,9,SNPE,1.1889301381582262
60000,9,SNPE,1.0102304880204913
80000,9,SNPE,0.9520325123084749
