num_simulations,num_observation,algorithm,MMD
20000,9,SNPE,0.05189990997314453
40000,9,SNPE,0.024674057960510254
60000,9,SNPE,0.01556861400604248
80000,9,SNPE,0.01580965518951416
