num_simulations,num_observation,algorithm,C2ST
4000,1,SNPE,0.9664499759674072
8000,1,SNPE,0.9593499898910522
12000,1,SNPE,0.9526500105857849
16000,1,SNPE,0.8755499720573425
20000,1,SNPE,0.8034999966621399
24000,1,SNPE,0.8097500205039978
28000,1,SNPE,0.7843000292778015
32000,1,SNPE,0.8139500021934509
36000,1,SNPE,0.8206999897956848
40000,1,SNPE,0.7850499749183655
