num_simulations,num_observation,algorithm,EMDP2
4000,1,SNPE,1.7712680508783891
8000,1,SNPE,1.9627348584490714
12000,1,SNPE,1.860097744530466
16000,1,SNPE,1.1207956072803285
20000,1,SNPE,0.7859872316350176
24000,1,SNPE,0.6561165435061141
28000,1,SNPE,0.4231849664463795
32000,1,SNPE,0.3608398329602407
36000,1,SNPE,0.3360299953008339
40000,1,SNPE,0.3377335741141013
