num_simulations,num_observation,algorithm,MMD
4000,1,SNPE,0.3979671597480774
8000,1,SNPE,0.4143182933330536
12000,1,SNPE,0.381743848323822
16000,1,SNPE,0.217193603515625
20000,1,SNPE,0.09492194652557373
24000,1,SNPE,0.0682365894317627
28000,1,SNPE,0.04107552766799927
32000,1,SNPE,0.04150223731994629
36000,1,SNPE,0.04743540287017822
40000,1,SNPE,0.03390491008758545
