num_simulations,num_observation,algorithm,C2ST
2500,5,SNLE,0.7184000015258789
5000,5,SNLE,0.907800018787384
7500,5,SNLE,0.5702000260353088
10000,5,SNLE,0.5713000297546387
