num_simulations,num_observation,algorithm,EMDP2
2500,5,SNLE,0.4308152899139691
5000,5,SNLE,1.0705092563948273
7500,5,SNLE,0.3694388837539066
10000,5,SNLE,0.4890083760810228
