num_simulations,num_observation,algorithm,MMD
2500,2,SNLE,0.005734682083129883
5000,2,SNLE,0.013537883758544922
7500,2,SNLE,0.0002957582473754883
10000,2,SNLE,-3.3020973205566406e-05
