num_simulations,num_observation,algorithm,C2ST
10000,1,JASS,0.6642500162124634
20000,1,JASS,0.6183500289916992
30000,1,JASS,0.5881500244140625
40000,1,JASS,0.5636500120162964
