num_simulations,num_observation,algorithm,EMDP2
10000,1,JASS,0.4681295699606377
20000,1,JASS,0.3063367699204206
30000,1,JASS,0.42231148710795563
40000,1,JASS,0.27553649227873933
