num_simulations,num_observation,algorithm,MMD
10000,1,JASS,0.004804253578186035
20000,1,JASS,0.0030167102813720703
30000,1,JASS,0.00744783878326416
40000,1,JASS,0.0037508010864257812
