num_simulations,num_observation,algorithm,C2ST
2500,1,SNPE,0.735450029373169
5000,1,SNPE,0.7071499824523926
7500,1,SNPE,0.6969500184059143
10000,1,SNPE,0.7593500018119812
