num_simulations,num_observation,algorithm,EMDP2
2500,1,SNPE,0.30682344633447
5000,1,SNPE,0.34303544923822715
7500,1,SNPE,0.44265287474205506
10000,1,SNPE,0.45212630089712535
