num_simulations,num_observation,algorithm,MMD
2500,1,SNPE,0.0007245540618896484
5000,1,SNPE,0.001959681510925293
7500,1,SNPE,0.004789948463439941
10000,1,SNPE,0.004468798637390137
