num_simulations,num_observation,algorithm,C2ST
2500,9,SNPE,0.7605000138282776
5000,9,SNPE,0.7193499803543091
7500,9,SNPE,0.6814500093460083
10000,9,SNPE,0.6633999943733215
