num_simulations,num_observation,algorithm,EMDP2
2500,9,SNPE,0.12607319679062515
5000,9,SNPE,0.15091341525945068
7500,9,SNPE,0.13178969413756225
10000,9,SNPE,0.11779643778465733
