num_simulations,num_observation,algorithm,C2ST
1000,9,SNPE,0.9085999727249146
2000,9,SNPE,0.8809000253677368
3000,9,SNPE,0.8480499982833862
4000,9,SNPE,0.8321999907493591
5000,9,SNPE,0.7702500224113464
6000,9,SNPE,0.7560499906539917
7000,9,SNPE,0.7124000191688538
8000,9,SNPE,0.6743000149726868
9000,9,SNPE,0.671999990940094
10000,9,SNPE,0.6623499989509583
