num_simulations,num_observation,algorithm,EMDP2
1000,9,SNPE,2.3654583724500373
2000,9,SNPE,2.134576311761529
3000,9,SNPE,2.220737226271361
4000,9,SNPE,2.0790608233420422
5000,9,SNPE,1.8012019218292292
6000,9,SNPE,1.7455120490546419
7000,9,SNPE,1.4870618600170402
8000,9,SNPE,1.3262937543443152
9000,9,SNPE,1.3532389824723106
10000,9,SNPE,1.2709299792195163
