num_simulations,num_observation,algorithm,MMD
1000,9,SNPE,0.3421595096588135
2000,9,SNPE,0.3592921495437622
3000,9,SNPE,0.39267128705978394
4000,9,SNPE,0.336315393447876
5000,9,SNPE,0.24150389432907104
6000,9,SNPE,0.22603726387023926
7000,9,SNPE,0.16125059127807617
8000,9,SNPE,0.11480164527893066
9000,9,SNPE,0.12634336948394775
10000,9,SNPE,0.10628628730773926
