num_simulations,num_observation,algorithm,C2ST
10000,1,SNPE,0.785099983215332
20000,1,SNPE,0.7716500163078308
30000,1,SNPE,0.7386000156402588
40000,1,SNPE,0.7408999800682068
