num_simulations,num_observation,algorithm,EMDP2
10000,1,SNPE,0.353460654653733
20000,1,SNPE,0.3826787928711335
30000,1,SNPE,0.4600543220098661
40000,1,SNPE,0.4442044360555451
