num_simulations,num_observation,algorithm,MMD
10000,1,SNPE,0.0025712251663208008
20000,1,SNPE,0.003704071044921875
30000,1,SNPE,0.0064432621002197266
40000,1,SNPE,0.004857659339904785
