num_simulations,num_observation,algorithm,C2ST
1000,8,SNPE,0.8781999945640564
2000,8,SNPE,0.8758500218391418
3000,8,SNPE,0.8207499980926514
4000,8,SNPE,0.7925000190734863
5000,8,SNPE,0.7425000071525574
6000,8,SNPE,0.769349992275238
7000,8,SNPE,0.6834999918937683
8000,8,SNPE,0.6989499926567078
9000,8,SNPE,0.652400016784668
10000,8,SNPE,0.6617500185966492
