num_simulations,num_observation,algorithm,EMDP2
1000,8,SNPE,2.0117225806819605
2000,8,SNPE,1.6780398971415895
3000,8,SNPE,1.7728563007768705
4000,8,SNPE,1.6948834043406436
5000,8,SNPE,1.5154498946024733
6000,8,SNPE,1.577531224980805
7000,8,SNPE,1.2654325568773106
8000,8,SNPE,1.3294533011003087
9000,8,SNPE,1.112343163931185
10000,8,SNPE,1.1278477750463336
