num_simulations,num_observation,algorithm,MMD
1000,8,SNPE,0.257562518119812
2000,8,SNPE,0.26357197761535645
3000,8,SNPE,0.29788845777511597
4000,8,SNPE,0.27768856287002563
5000,8,SNPE,0.2178640365600586
6000,8,SNPE,0.239890456199646
7000,8,SNPE,0.13543641567230225
8000,8,SNPE,0.1604398488998413
9000,8,SNPE,0.09985792636871338
10000,8,SNPE,0.10310506820678711
