num_simulations,num_observation,algorithm,C2ST
2500,8,SNPE,0.6698499917984009
5000,8,SNPE,0.6495500206947327
7500,8,SNPE,0.6326500177383423
10000,8,SNPE,0.616599977016449
