num_simulations,num_observation,algorithm,MMD
2500,8,SNPE,0.00650942325592041
5000,8,SNPE,0.0049713850021362305
7500,8,SNPE,0.0034886598587036133
10000,8,SNPE,0.0051763057708740234
