num_simulations,num_observation,algorithm,C2ST
10000,1,SNLE,0.602400004863739
20000,1,SNLE,0.9822499752044678
30000,1,SNLE,0.5913000106811523
40000,1,SNLE,0.6085500121116638
