num_simulations,num_observation,algorithm,EMDP2
10000,1,SNLE,0.08898362857819571
20000,1,SNLE,0.945639587464471
30000,1,SNLE,0.05752568044369966
40000,1,SNLE,0.0617626023759893
