num_simulations,num_observation,algorithm,MMD
10000,1,SNLE,0.023728609085083008
20000,1,SNLE,0.7132126688957214
30000,1,SNLE,0.007034897804260254
40000,1,SNLE,0.011710762977600098
