num_simulations,num_observation,algorithm,C2ST
5000,10,SEMPLE,0.5659999847412109
10000,10,SEMPLE,0.8030499815940857
