num_simulations,num_observation,algorithm,EMDP2
5000,10,SEMPLE,0.4489558671186644
10000,10,SEMPLE,0.6167469021214653
