num_simulations,num_observation,algorithm,MMD
5000,10,SEMPLE,0.008486390113830566
10000,10,SEMPLE,0.017065048217773438
