num_simulations,num_observation,algorithm,C2ST
1000,1,SNLE,0.9857000112533569
2000,1,SNLE,0.925000011920929
3000,1,SNLE,0.9412999749183655
4000,1,SNLE,0.8601499795913696
5000,1,SNLE,0.8867999911308289
6000,1,SNLE,0.8827000260353088
7000,1,SNLE,0.8845000267028809
8000,1,SNLE,0.9865000247955322
9000,1,SNLE,0.9865000247955322
10000,1,SNLE,0.9882000088691711
