num_simulations,num_observation,algorithm,EMDP2
1000,1,SNLE,2.235709130620572
2000,1,SNLE,1.3166232283162806
3000,1,SNLE,1.3070255405778755
4000,1,SNLE,1.0012181998439715
5000,1,SNLE,1.0882810543413461
6000,1,SNLE,1.0565345142406544
7000,1,SNLE,1.0362937500750515
8000,1,SNLE,1.4856884951032419
9000,1,SNLE,1.4098386755234549
10000,1,SNLE,1.027941897921248
