num_simulations,num_observation,algorithm,MMD
1000,1,SNLE,0.39771366119384766
2000,1,SNLE,0.10891878604888916
3000,1,SNLE,0.09645020961761475
4000,1,SNLE,0.06564950942993164
5000,1,SNLE,0.08335494995117188
6000,1,SNLE,0.07638335227966309
7000,1,SNLE,0.07115411758422852
8000,1,SNLE,0.15260028839111328
9000,1,SNLE,0.12820148468017578
10000,1,SNLE,0.040313720703125
