num_simulations,num_observation,algorithm,C2ST
2500,1,SNPE,0.7233499884605408
5000,1,SNPE,0.7063999772071838
7500,1,SNPE,0.7075499892234802
10000,1,SNPE,0.7315999865531921
