num_simulations,num_observation,algorithm,EMDP2
2500,1,SNPE,0.33398420322811007
5000,1,SNPE,0.38580028017274454
7500,1,SNPE,0.3469039083006859
10000,1,SNPE,0.3511013878397571
