num_simulations,num_observation,algorithm,MMD
2500,1,SNPE,0.0034731626510620117
5000,1,SNPE,0.005621671676635742
7500,1,SNPE,0.0020061731338500977
10000,1,SNPE,0.0019714832305908203
