num_simulations,num_observation,algorithm,C2ST
2500,1,SEMPLE,0.7440999746322632
5000,1,SEMPLE,0.6953999996185303
7500,1,SEMPLE,0.6736999750137329
10000,1,SEMPLE,0.6175500154495239
