num_simulations,num_observation,algorithm,EMDP2
2500,1,SEMPLE,0.841517826933226
5000,1,SEMPLE,0.6259793582377566
7500,1,SEMPLE,0.38698025166699995
10000,1,SEMPLE,0.23277369212774054
