num_simulations,num_observation,algorithm,MMD
2500,1,SEMPLE,0.028394222259521484
5000,1,SEMPLE,0.013883352279663086
7500,1,SEMPLE,0.00639796257019043
10000,1,SEMPLE,0.0008635520935058594
