num_simulations,num_observation,algorithm,C2ST
4000,1,SNLE,0.7597000002861023
8000,1,SNLE,0.6783000230789185
12000,1,SNLE,0.6464999914169312
16000,1,SNLE,0.6401500105857849
20000,1,SNLE,0.6198999881744385
24000,1,SNLE,0.5982999801635742
28000,1,SNLE,0.6214500069618225
32000,1,SNLE,0.6390500068664551
36000,1,SNLE,0.6305500268936157
40000,1,SNLE,0.6293500065803528
