num_simulations,num_observation,algorithm,EMDP2
4000,1,SNLE,0.179577335438525
8000,1,SNLE,0.16075243527710453
12000,1,SNLE,0.12478911007774793
16000,1,SNLE,0.09650624766051252
20000,1,SNLE,0.10366280014400059
24000,1,SNLE,0.09904004907092818
28000,1,SNLE,0.13397058819419103
32000,1,SNLE,0.1376511613503991
36000,1,SNLE,0.1474642033664314
40000,1,SNLE,0.14085385631616493
