num_simulations,num_observation,algorithm,MMD
4000,1,SNLE,0.087474524974823
8000,1,SNLE,0.032571613788604736
12000,1,SNLE,0.017087221145629883
16000,1,SNLE,0.012247085571289062
20000,1,SNLE,0.01007390022277832
24000,1,SNLE,0.008872509002685547
28000,1,SNLE,0.026531457901000977
32000,1,SNLE,0.03432643413543701
36000,1,SNLE,0.035262465476989746
40000,1,SNLE,0.03278148174285889
