num_simulations,num_observation,algorithm,C2ST
10000,1,JASS,0.9078500270843506
20000,1,JASS,0.8057000041007996
30000,1,JASS,0.7511500120162964
40000,1,JASS,0.7918499708175659
