num_simulations,num_observation,algorithm,EMDP2
10000,1,JASS,0.895306582121434
20000,1,JASS,0.24247480258347898
30000,1,JASS,0.19703378077364264
40000,1,JASS,0.2133683630082115
