num_simulations,num_observation,algorithm,MMD
10000,1,JASS,0.4769596755504608
20000,1,JASS,0.10757440328598022
30000,1,JASS,0.05503469705581665
40000,1,JASS,0.06355226039886475
