num_simulations,num_observation,algorithm,MMD
2500,5,SNLE,0.0031789541244506836
5000,5,SNLE,0.09172940254211426
7500,5,SNLE,0.0015463829040527344
10000,5,SNLE,0.004523038864135742
