num_simulations,num_observation,algorithm,C2ST
2500,9,JASS,0.5576000213623047
5000,9,JASS,0.5678499937057495
7500,9,JASS,0.5383999943733215
10000,9,JASS,0.5343000292778015
