num_simulations,num_observation,algorithm,EMDP2
2500,9,JASS,0.1810684197938338
5000,9,JASS,0.20000732152999565
7500,9,JASS,0.0855201076576463
10000,9,JASS,0.08981179747044692
