num_simulations,num_observation,algorithm,MMD
2500,9,JASS,0.0038334131240844727
5000,9,JASS,0.005034327507019043
7500,9,JASS,0.0007401108741760254
10000,9,JASS,0.0003783702850341797
