num_simulations,num_observation,algorithm,C2ST
2500,3,SNLE,0.7378000020980835
5000,3,SNLE,0.7321500182151794
7500,3,SNLE,0.6359500288963318
10000,3,SNLE,0.5613499879837036
