num_simulations,num_observation,algorithm,EMDP2
2500,3,SNLE,0.10445891639544061
5000,3,SNLE,0.09456657184171202
7500,3,SNLE,0.18918460827603556
10000,3,SNLE,0.12582983178585402
