num_simulations,num_observation,algorithm,MMD
2500,3,SNLE,0.004016757011413574
5000,3,SNLE,0.00402379035949707
7500,3,SNLE,0.0193178653717041
10000,3,SNLE,0.004075765609741211
