num_simulations,num_observation,algorithm,C2ST
5000,4,SEMPLE,0.6862499713897705
10000,4,SEMPLE,0.8202000260353088
