num_simulations,num_observation,algorithm,EMDP2
5000,4,SEMPLE,0.9825834422230632
10000,4,SEMPLE,0.847464955887709
