num_simulations,num_observation,algorithm,MMD
5000,4,SEMPLE,0.039266228675842285
10000,4,SEMPLE,0.013340115547180176
