num_simulations,num_observation,algorithm,C2ST
4000,1,SNLE,0.7217000126838684
8000,1,SNLE,0.7327499985694885
12000,1,SNLE,0.6944500207901001
16000,1,SNLE,0.685949981212616
20000,1,SNLE,0.6394000053405762
24000,1,SNLE,0.618399977684021
28000,1,SNLE,0.616599977016449
32000,1,SNLE,0.5878999829292297
36000,1,SNLE,0.6419000029563904
40000,1,SNLE,0.6448500156402588
