num_simulations,num_observation,algorithm,EMDP2
4000,1,SNLE,0.15302892593390202
8000,1,SNLE,0.14294200065516427
12000,1,SNLE,0.10630956244105326
16000,1,SNLE,0.10520226666557872
20000,1,SNLE,0.08279829975653667
24000,1,SNLE,0.08134048835426455
28000,1,SNLE,0.10382166349434585
32000,1,SNLE,0.07666104290007109
36000,1,SNLE,0.08805160713300297
40000,1,SNLE,0.10531116448902052
