num_simulations,num_observation,algorithm,MMD
4000,1,SNLE,0.03805899620056152
8000,1,SNLE,0.05497241020202637
12000,1,SNLE,0.02546513080596924
16000,1,SNLE,0.032689452171325684
20000,1,SNLE,0.011488556861877441
24000,1,SNLE,0.006637215614318848
28000,1,SNLE,0.010756373405456543
32000,1,SNLE,0.0020884275436401367
36000,1,SNLE,0.01685154438018799
40000,1,SNLE,0.02354586124420166
