num_simulations,num_observation,algorithm,C2ST
2500,1,SNLE,0.9381999969482422
5000,1,SNLE,0.950950026512146
7500,1,SNLE,0.8720999956130981
10000,1,SNLE,0.8787500262260437
