num_simulations,num_observation,algorithm,EMDP2
2500,1,SNLE,2.2325829880939354
5000,1,SNLE,1.3552520120102827
7500,1,SNLE,1.3261684972815022
10000,1,SNLE,1.3662939913439671
