num_simulations,num_observation,algorithm,MMD
2500,1,SNLE,0.3903158903121948
5000,1,SNLE,0.12763667106628418
7500,1,SNLE,0.1320972442626953
10000,1,SNLE,0.14162814617156982
