num_simulations,num_observation,algorithm,EMDP2
5000,3,SNLE,0.6822810398318112
10000,3,SNLE,0.5557317123342914
