num_simulations,num_observation,algorithm,C2ST
5000,1,SNPE,0.7634000182151794
10000,1,SNPE,0.7703999876976013
