num_simulations,num_observation,algorithm,C2ST
2500,4,SNLE,0.7577000260353088
5000,4,SNLE,0.6624000072479248
7500,4,SNLE,0.6643999814987183
10000,4,SNLE,0.6171000003814697
