num_simulations,num_observation,algorithm,C2ST
2500,8,JASS,0.6297500133514404
5000,8,JASS,0.5824499726295471
7500,8,JASS,0.5614500045776367
10000,8,JASS,0.5575000047683716
