num_simulations,num_observation,algorithm,EMDP2
2500,8,JASS,0.05735101072374761
5000,8,JASS,0.059164028529447264
7500,8,JASS,0.04312118385909694
10000,8,JASS,0.03094672019102632
