num_simulations,num_observation,algorithm,MMD
2500,8,JASS,0.011001229286193848
5000,8,JASS,0.0036630630493164062
7500,8,JASS,0.0008568763732910156
10000,8,JASS,0.001217961311340332
