num_simulations,num_observation,algorithm,EMDP2
2500,4,SNLE,0.16814187536594624
5000,4,SNLE,0.24446300369317725
7500,4,SNLE,0.10784913200871937
10000,4,SNLE,0.08212904784357325
