num_simulations,num_observation,algorithm,MMD
2500,4,SNLE,0.031769394874572754
5000,4,SNLE,0.01191014051437378
7500,4,SNLE,0.0014889836311340332
10000,4,SNLE,0.0012390613555908203
