num_simulations,num_observation,algorithm,C2ST
20000,10,SNPE,0.8618000149726868
40000,10,SNPE,0.8227999806404114
60000,10,SNPE,0.7695000171661377
80000,10,SNPE,0.7584499716758728
