num_simulations,num_observation,algorithm,EMDP2
20000,10,SNPE,1.2751934486449439
40000,10,SNPE,1.1135807727208453
60000,10,SNPE,0.8223167702302892
80000,10,SNPE,0.6487291252269815
