num_simulations,num_observation,algorithm,MMD
20000,10,SNPE,0.06738919019699097
40000,10,SNPE,0.05086231231689453
60000,10,SNPE,0.018717646598815918
80000,10,SNPE,0.015990853309631348
