num_simulations,num_observation,algorithm,EMDP2
5000,7,SEMPLE,0.9751845284401008
10000,7,SEMPLE,0.5955442756348344
