num_simulations,num_observation,algorithm,MMD
5000,7,SEMPLE,0.1440950632095337
10000,7,SEMPLE,0.01095116138458252
