num_simulations,num_observation,algorithm,EMDP2
5000,8,SNPE,1.4269414672527534
10000,8,SNPE,1.194949998668432
