num_simulations,num_observation,algorithm,C2ST
4000,1,SNPE,0.9574000239372253
8000,1,SNPE,0.9624999761581421
12000,1,SNPE,0.9093499779701233
16000,1,SNPE,0.802049994468689
20000,1,SNPE,0.7979000210762024
24000,1,SNPE,0.78329998254776
28000,1,SNPE,0.7337499856948853
32000,1,SNPE,0.753600001335144
36000,1,SNPE,0.647849977016449
40000,1,SNPE,0.8046500086784363
