num_simulations,num_observation,algorithm,EMDP2
4000,1,SNPE,1.93122232955324
8000,1,SNPE,2.1017331426156582
12000,1,SNPE,1.5585355612165284
16000,1,SNPE,0.8310073309111248
20000,1,SNPE,0.6866682092715012
24000,1,SNPE,0.6747841941359392
28000,1,SNPE,0.612118924032226
32000,1,SNPE,0.4675357889637516
36000,1,SNPE,0.3054651874206648
40000,1,SNPE,0.3448779178590622
