num_simulations,num_observation,algorithm,MMD
4000,1,SNPE,0.3875230848789215
8000,1,SNPE,0.41557037830352783
12000,1,SNPE,0.302172988653183
16000,1,SNPE,0.08186972141265869
20000,1,SNPE,0.05608952045440674
24000,1,SNPE,0.04444688558578491
28000,1,SNPE,0.0293576717376709
32000,1,SNPE,0.02723252773284912
36000,1,SNPE,0.014176487922668457
40000,1,SNPE,0.0479123592376709
