num_simulations,num_observation,algorithm,C2ST
1000,6,SNPE,0.8423500061035156
2000,6,SNPE,0.7764000296592712
3000,6,SNPE,0.7466999888420105
4000,6,SNPE,0.658050000667572
5000,6,SNPE,0.6488500237464905
6000,6,SNPE,0.6545500159263611
7000,6,SNPE,0.589900016784668
8000,6,SNPE,0.5945500135421753
9000,6,SNPE,0.5742499828338623
10000,6,SNPE,0.5755000114440918
