num_simulations,num_observation,algorithm,EMDP2
1000,6,SNPE,1.559845181248176
2000,6,SNPE,1.3561881095207038
3000,6,SNPE,0.8524066374127278
4000,6,SNPE,0.7139204194672177
5000,6,SNPE,0.672654401489305
6000,6,SNPE,0.6561674166937805
7000,6,SNPE,0.633388334716051
8000,6,SNPE,0.5973041794306123
9000,6,SNPE,0.626674195081555
10000,6,SNPE,0.5992892696923525
