num_simulations,num_observation,algorithm,MMD
1000,6,SNPE,0.18986773490905762
2000,6,SNPE,0.13609856367111206
3000,6,SNPE,0.05870509147644043
4000,6,SNPE,0.020884037017822266
5000,6,SNPE,0.015965819358825684
6000,6,SNPE,0.024406075477600098
7000,6,SNPE,0.010992884635925293
8000,6,SNPE,0.00978994369506836
9000,6,SNPE,0.012858748435974121
10000,6,SNPE,0.011076211929321289
