num_simulations,num_observation,algorithm,C2ST
20000,10,JASS,0.9358999729156494
40000,10,JASS,0.9159500002861023
60000,10,JASS,0.9229999780654907
80000,10,JASS,0.9223499894142151
