num_simulations,num_observation,algorithm,EMDP2
20000,10,JASS,1.4924997847689845
40000,10,JASS,1.4880567184647542
60000,10,JASS,1.4547395384054398
80000,10,JASS,1.577346986638957
