num_simulations,num_observation,algorithm,MMD
20000,10,JASS,0.08596789836883545
40000,10,JASS,0.09305298328399658
60000,10,JASS,0.0857725739479065
80000,10,JASS,0.09982949495315552
