num_simulations,num_observation,algorithm,C2ST
20000,9,SNLE,0.7731000185012817
40000,9,SNLE,0.5835999846458435
60000,9,SNLE,0.5661500096321106
80000,9,SNLE,0.5514000058174133
