num_simulations,num_observation,algorithm,EMDP2
20000,9,SNLE,1.1697701263273081
40000,9,SNLE,0.7676479862980133
60000,9,SNLE,0.9267883463383069
80000,9,SNLE,0.4833074446159042
