num_simulations,num_observation,algorithm,MMD
20000,9,SNLE,0.013498902320861816
40000,9,SNLE,0.0034269094467163086
60000,9,SNLE,0.005485892295837402
80000,9,SNLE,0.000895380973815918
