num_simulations,num_observation,algorithm,C2ST
1000,2,SNLE,0.7409999966621399
2000,2,SNLE,0.7283499836921692
3000,2,SNLE,0.6951000094413757
4000,2,SNLE,0.6746500134468079
5000,2,SNLE,0.6299499869346619
6000,2,SNLE,0.6337000131607056
7000,2,SNLE,0.614549994468689
8000,2,SNLE,0.5868499875068665
9000,2,SNLE,0.5899999737739563
10000,2,SNLE,0.5831999778747559
