num_simulations,num_observation,algorithm,EMDP2
1000,2,SNLE,0.2218020931242912
2000,2,SNLE,0.31793470623204134
3000,2,SNLE,0.04597232572895843
4000,2,SNLE,0.045589957196853347
5000,2,SNLE,0.04424251336983596
6000,2,SNLE,0.04414964082489397
7000,2,SNLE,0.04373798509591756
8000,2,SNLE,0.04203473791888363
9000,2,SNLE,0.04048466996329032
10000,2,SNLE,0.04026772356090314
