num_simulations,num_observation,algorithm,MMD
1000,2,SNLE,0.00029718875885009766
2000,2,SNLE,0.0013452768325805664
3000,2,SNLE,-2.0623207092285156e-05
4000,2,SNLE,-1.919269561767578e-05
5000,2,SNLE,-2.4199485778808594e-05
6000,2,SNLE,-2.777576446533203e-05
7000,2,SNLE,-3.921985626220703e-05
8000,2,SNLE,-3.0159950256347656e-05
9000,2,SNLE,-3.612041473388672e-05
10000,2,SNLE,-4.029273986816406e-05
