num_simulations,num_observation,algorithm,C2ST
5000,6,SNPE,0.7015500068664551
10000,6,SNPE,0.6461499929428101
