num_simulations,num_observation,algorithm,EMDP2
5000,6,SNPE,1.2998779368014575
10000,6,SNPE,0.7079141099445754
