num_simulations,num_observation,algorithm,C2ST
4000,1,SNPE,0.9574000239372253
8000,1,SNPE,0.9577999711036682
12000,1,SNPE,0.9412000179290771
16000,1,SNPE,0.8394500017166138
20000,1,SNPE,0.7492499947547913
24000,1,SNPE,0.7127000093460083
28000,1,SNPE,0.744949996471405
32000,1,SNPE,0.741599977016449
36000,1,SNPE,0.7126500010490417
40000,1,SNPE,0.7224000096321106
