num_simulations,num_observation,algorithm,EMDP2
4000,1,SNPE,1.877948631100748
8000,1,SNPE,1.8635589059929598
12000,1,SNPE,1.7606571199130765
16000,1,SNPE,1.088304776562322
20000,1,SNPE,0.7292857820652751
24000,1,SNPE,0.6078058649073832
28000,1,SNPE,0.49360357460981513
32000,1,SNPE,0.4181828383209617
36000,1,SNPE,0.3264080111383281
40000,1,SNPE,0.2816159606533655
