num_simulations,num_observation,algorithm,MMD
4000,1,SNPE,0.37923336029052734
8000,1,SNPE,0.39764004945755005
12000,1,SNPE,0.3490971326828003
16000,1,SNPE,0.1593722105026245
20000,1,SNPE,0.06230813264846802
24000,1,SNPE,0.03646242618560791
28000,1,SNPE,0.032338738441467285
32000,1,SNPE,0.02621638774871826
36000,1,SNPE,0.019480109214782715
40000,1,SNPE,0.01816105842590332
