num_simulations,num_observation,algorithm,C2ST
20000,4,SNLE,0.859250009059906
40000,4,SNLE,0.7545999884605408
60000,4,SNLE,0.6884999871253967
80000,4,SNLE,0.6956999897956848
