num_simulations,num_observation,algorithm,EMDP2
20000,4,SNLE,1.0671241227719916
40000,4,SNLE,0.9890736188397279
60000,4,SNLE,0.8281202218693061
80000,4,SNLE,0.7813329727604256
