num_simulations,num_observation,algorithm,MMD
20000,4,SNLE,0.027231693267822266
40000,4,SNLE,0.03798937797546387
60000,4,SNLE,0.018109679222106934
80000,4,SNLE,0.014523625373840332
