num_simulations,num_observation,algorithm,C2ST
1000,5,SNLE,0.6880499720573425
2000,5,SNLE,0.6182500123977661
3000,5,SNLE,0.5740000009536743
4000,5,SNLE,0.576200008392334
5000,5,SNLE,0.5822499990463257
6000,5,SNLE,0.5669500231742859
7000,5,SNLE,0.5793499946594238
8000,5,SNLE,0.571399986743927
9000,5,SNLE,0.5652499794960022
10000,5,SNLE,0.5694500207901001
