num_simulations,num_observation,algorithm,EMDP2
1000,5,SNLE,0.634566788127301
2000,5,SNLE,0.5749961778317338
3000,5,SNLE,0.5024551480698969
4000,5,SNLE,0.5095180023585323
5000,5,SNLE,0.5091237116333253
6000,5,SNLE,0.524262521129602
7000,5,SNLE,0.5314938353346759
8000,5,SNLE,0.5048474451215871
9000,5,SNLE,0.4880763773066046
10000,5,SNLE,0.5019520750635688
