num_simulations,num_observation,algorithm,MMD
1000,5,SNLE,0.058109164237976074
2000,5,SNLE,0.03293883800506592
3000,5,SNLE,0.02013540267944336
4000,5,SNLE,0.02186882495880127
5000,5,SNLE,0.021005749702453613
6000,5,SNLE,0.02472853660583496
7000,5,SNLE,0.026302099227905273
8000,5,SNLE,0.021552562713623047
9000,5,SNLE,0.017968058586120605
10000,5,SNLE,0.022974729537963867
