num_simulations,num_observation,algorithm,C2ST
10000,1,SNLE,0.7698500156402588
20000,1,SNLE,0.8830500245094299
30000,1,SNLE,0.6765499711036682
40000,1,SNLE,0.6053500175476074
