num_simulations,num_observation,algorithm,EMDP2
10000,1,SNLE,0.1398793646418651
20000,1,SNLE,0.3381172274922971
30000,1,SNLE,0.10002877717832306
40000,1,SNLE,0.06498666246399712
