num_simulations,num_observation,algorithm,MMD
10000,1,SNLE,0.08926260471343994
20000,1,SNLE,0.3894224166870117
30000,1,SNLE,0.043717384338378906
40000,1,SNLE,0.006231069564819336
