num_simulations,num_observation,algorithm,EMDP2
2500,7,SNLE,0.0429025649992499
5000,7,SNLE,0.05190193135775583
7500,7,SNLE,0.03415756424059755
10000,7,SNLE,0.026399724999505794
