num_simulations,num_observation,algorithm,MMD
2500,7,SNLE,0.003529667854309082
5000,7,SNLE,0.010338664054870605
7500,7,SNLE,0.0030220746994018555
10000,7,SNLE,0.0013915300369262695
