num_simulations,num_observation,algorithm,C2ST
2500,7,JASS,0.6206499934196472
5000,7,JASS,0.6086500287055969
7500,7,JASS,0.5813500285148621
10000,7,JASS,0.58160001039505
