num_simulations,num_observation,algorithm,EMDP2
2500,7,JASS,0.07273946672045113
5000,7,JASS,0.03199017761521708
7500,7,JASS,0.02140668325924333
10000,7,JASS,0.02460303251362637
