num_simulations,num_observation,algorithm,MMD
2500,7,JASS,0.02979123592376709
5000,7,JASS,0.0022046566009521484
7500,7,JASS,0.0006556510925292969
10000,7,JASS,0.0010389089584350586
