num_simulations,num_observation,algorithm,C2ST
1000,1,SNPE,0.9010999798774719
2000,1,SNPE,0.8737499713897705
3000,1,SNPE,0.8748000264167786
4000,1,SNPE,0.7921000123023987
5000,1,SNPE,0.7870500087738037
6000,1,SNPE,0.7113000154495239
7000,1,SNPE,0.6852999925613403
8000,1,SNPE,0.6471999883651733
9000,1,SNPE,0.6088500022888184
10000,1,SNPE,0.6032000184059143
