num_simulations,num_observation,algorithm,EMDP2
1000,1,SNPE,2.0379018974442205
2000,1,SNPE,1.749821653435411
3000,1,SNPE,1.9974158592205846
4000,1,SNPE,1.5469530198467927
5000,1,SNPE,1.5959539065874502
6000,1,SNPE,1.4044241868189762
7000,1,SNPE,1.2818187622467416
8000,1,SNPE,1.105076239795661
9000,1,SNPE,0.9247695917658246
10000,1,SNPE,0.8432692736283438
