num_simulations,num_observation,algorithm,MMD
1000,1,SNPE,0.2631828188896179
2000,1,SNPE,0.2830619215965271
3000,1,SNPE,0.3834032416343689
4000,1,SNPE,0.20364511013031006
5000,1,SNPE,0.22480922937393188
6000,1,SNPE,0.16902399063110352
7000,1,SNPE,0.14190781116485596
8000,1,SNPE,0.09614026546478271
9000,1,SNPE,0.05446493625640869
10000,1,SNPE,0.03643596172332764
