num_simulations,num_observation,algorithm,C2ST
2500,1,SNPE,0.7630500197410583
5000,1,SNPE,0.744949996471405
7500,1,SNPE,0.7062000036239624
10000,1,SNPE,0.718999981880188
