num_simulations,num_observation,algorithm,EMDP2
2500,1,SNPE,0.30647656305763316
5000,1,SNPE,0.37748248463458256
7500,1,SNPE,0.3743478532841062
10000,1,SNPE,0.40821379757370546
