num_simulations,num_observation,algorithm,MMD
2500,1,SNPE,0.0018936395645141602
5000,1,SNPE,0.0060280561447143555
7500,1,SNPE,0.004104256629943848
10000,1,SNPE,0.0035458803176879883
