num_simulations,num_observation,algorithm,C2ST
1000,3,SNLE,0.7402999997138977
2000,3,SNLE,0.5981500148773193
3000,3,SNLE,0.5448499917984009
4000,3,SNLE,0.5416499972343445
5000,3,SNLE,0.5494499802589417
6000,3,SNLE,0.5396000146865845
7000,3,SNLE,0.5433499813079834
8000,3,SNLE,0.560949981212616
9000,3,SNLE,0.5562499761581421
10000,3,SNLE,0.5584999918937683
