num_simulations,num_observation,algorithm,EMDP2
1000,3,SNLE,1.1209530886563384
2000,3,SNLE,0.7533619393514018
3000,3,SNLE,0.5585809136069554
4000,3,SNLE,0.5558241691789464
5000,3,SNLE,0.5716904586312875
6000,3,SNLE,0.5600318947114689
7000,3,SNLE,0.5762274743592201
8000,3,SNLE,0.5885229479294845
9000,3,SNLE,0.60170683732168
10000,3,SNLE,0.6104027454426728
