num_simulations,num_observation,algorithm,MMD
1000,3,SNLE,0.1446467638015747
2000,3,SNLE,0.04171180725097656
3000,3,SNLE,0.0025511980056762695
4000,3,SNLE,0.002824068069458008
5000,3,SNLE,0.0045909881591796875
6000,3,SNLE,0.002916574478149414
7000,3,SNLE,0.006341695785522461
8000,3,SNLE,0.008518815040588379
9000,3,SNLE,0.009926438331604004
10000,3,SNLE,0.011929631233215332
