num_simulations,num_observation,algorithm,C2ST
5000,10,SNPE,0.7013999819755554
10000,10,SNPE,0.8396000266075134
