num_simulations,num_observation,algorithm,C2ST
2500,1,SNLE,0.944599986076355
5000,1,SNLE,0.9152500033378601
7500,1,SNLE,0.8931000232696533
10000,1,SNLE,0.8719000220298767
