num_simulations,num_observation,algorithm,EMDP2
2500,1,SNLE,1.8940665772832235
5000,1,SNLE,1.4601894720505888
7500,1,SNLE,1.2009231690558797
10000,1,SNLE,1.587090932212511
