num_simulations,num_observation,algorithm,MMD
2500,1,SNLE,0.2645977735519409
5000,1,SNLE,0.13916254043579102
7500,1,SNLE,0.09469151496887207
10000,1,SNLE,0.20111072063446045
