data_1,data_2,data_3,data_4,data_5,data_6,data_7,data_8,data_9,data_10,data_11,data_12,data_13,data_14,data_15,data_16,data_17,data_18,data_19,data_20,data_21,data_22,data_23,data_24,data_25,data_26,data_27,data_28,data_29,data_30,data_31,data_32,data_33,data_34,data_35,data_36,data_37,data_38,data_39,data_40,data_41,data_42,data_43,data_44,data_45,data_46,data_47,data_48,data_49,data_50,data_51
0,0.416636083083997,0.92220055936383,1.1292070445613,1.79217018420339,2.07800346992166,2.07857599540068,2.34455112210163,2.61324556979356,2.8002372784978,2.77445352613966,3.12223344494708,3.17921541209816,3.02061581012546,2.56728929714931,2.87409017157815,2.88779211868978,2.90484529377673,3.11369497781232,3.25979548847094,3.33326597851391,3.45940976245277,3.53490848517964,3.45308290112171,2.96710963892637,3.09889779460193,3.06957639427605,3.0253374642986,2.72217822561939,2.6754731373275,2.81914303753347,3.12774211910478,3.08372024101045,3.14724262247269,3.10962950818258,2.81021058752352,2.76036865878104,2.7237646253763,2.76179683892464,3.02828359087454,3.1780831915084,3.1124034925585,3.04059515459453,3.17472177346949,3.25605408169606,3.06982025847184,2.91354074337468,3.0032241788387,3.15865380007935,3.10708818903035,3.26654341983543
