num_simulations,num_observation,algorithm,C2ST
20000,2,SNPE,0.9255499839782715
40000,2,SNPE,0.8451499938964844
60000,2,SNPE,0.6032000184059143
80000,2,SNPE,0.5878000259399414
