num_simulations,num_observation,algorithm,EMDP2
20000,2,SNPE,2.8537215976092947
40000,2,SNPE,1.1825740904528597
60000,2,SNPE,0.7222977535493323
80000,2,SNPE,0.6927711454242015
