num_simulations,num_observation,algorithm,MMD
20000,2,SNPE,0.10098183155059814
40000,2,SNPE,0.016166210174560547
60000,2,SNPE,0.0006363391876220703
80000,2,SNPE,0.0004496574401855469
