num_simulations,num_observation,algorithm,C2ST
1000,1,SNPE,0.783050000667572
2000,1,SNPE,0.8040000200271606
3000,1,SNPE,0.8044000267982483
4000,1,SNPE,0.7559000253677368
5000,1,SNPE,0.7495999932289124
6000,1,SNPE,0.7427999973297119
7000,1,SNPE,0.7664499878883362
8000,1,SNPE,0.7606499791145325
9000,1,SNPE,0.7699000239372253
10000,1,SNPE,0.7626000046730042
