num_simulations,num_observation,algorithm,EMDP2
1000,1,SNPE,0.33926325524271755
2000,1,SNPE,0.41339351111702904
3000,1,SNPE,0.4183692641238754
4000,1,SNPE,0.44420022357330446
5000,1,SNPE,0.4600019152678723
6000,1,SNPE,0.4603673039253911
7000,1,SNPE,0.41520656194543826
8000,1,SNPE,0.3898503924015639
9000,1,SNPE,0.3828777216161604
10000,1,SNPE,0.3535276179123033
