num_simulations,num_observation,algorithm,MMD
1000,1,SNPE,0.002742767333984375
2000,1,SNPE,0.006098389625549316
3000,1,SNPE,0.0057888031005859375
4000,1,SNPE,0.0052568912506103516
5000,1,SNPE,0.005467653274536133
6000,1,SNPE,0.005304574966430664
7000,1,SNPE,0.004101872444152832
8000,1,SNPE,0.0033774375915527344
9000,1,SNPE,0.0030781030654907227
10000,1,SNPE,0.0024002790451049805
