num_simulations,num_observation,algorithm,C2ST
10000,1,SNPE,0.7602499723434448
20000,1,SNPE,0.774649977684021
30000,1,SNPE,0.7754999995231628
40000,1,SNPE,0.7601000070571899
