num_simulations,num_observation,algorithm,EMDP2
10000,1,SNPE,0.3492827607555317
20000,1,SNPE,0.46818091153133545
30000,1,SNPE,0.4748911713225531
40000,1,SNPE,0.4365927749084862
