num_simulations,num_observation,algorithm,MMD
10000,1,SNPE,0.002723097801208496
20000,1,SNPE,0.006467103958129883
30000,1,SNPE,0.005367755889892578
40000,1,SNPE,0.004136323928833008
