num_simulations,num_observation,algorithm,C2ST
4000,1,SNLE,0.9884499907493591
8000,1,SNLE,0.8694000244140625
12000,1,SNLE,0.876550018787384
16000,1,SNLE,0.885450005531311
20000,1,SNLE,0.8738499879837036
24000,1,SNLE,0.8652999997138977
28000,1,SNLE,0.8702999949455261
32000,1,SNLE,0.8762000203132629
36000,1,SNLE,0.8741499781608582
40000,1,SNLE,0.8733999729156494
