num_simulations,num_observation,algorithm,EMDP2
4000,1,SNLE,2.30477310767363
8000,1,SNLE,0.7393285832122097
12000,1,SNLE,0.7941088354325352
16000,1,SNLE,1.018892740280966
20000,1,SNLE,1.0019645529508798
24000,1,SNLE,1.1286094865185572
28000,1,SNLE,1.075348025812158
32000,1,SNLE,1.1146235540780622
36000,1,SNLE,1.3137309887800388
40000,1,SNLE,1.3247518406318386
