num_simulations,num_observation,algorithm,MMD
4000,1,SNLE,0.37736618518829346
8000,1,SNLE,0.029363274574279785
12000,1,SNLE,0.03433072566986084
16000,1,SNLE,0.06607699394226074
20000,1,SNLE,0.06619417667388916
24000,1,SNLE,0.0917738676071167
28000,1,SNLE,0.07906937599182129
32000,1,SNLE,0.08663594722747803
36000,1,SNLE,0.0989077091217041
40000,1,SNLE,0.10415053367614746
