num_simulations,num_observation,algorithm,C2ST
2500,1,SNLE,0.9085000157356262
5000,1,SNLE,0.9262499809265137
7500,1,SNLE,0.8323500156402588
10000,1,SNLE,0.8507000207901001
