num_simulations,num_observation,algorithm,EMDP2
2500,1,SNLE,1.2748494107928028
5000,1,SNLE,1.5473528514291355
7500,1,SNLE,0.6606187661413709
10000,1,SNLE,0.6549493368991843
