num_simulations,num_observation,algorithm,MMD
2500,1,SNLE,0.11779379844665527
5000,1,SNLE,0.1518845558166504
7500,1,SNLE,0.02521073818206787
10000,1,SNLE,0.02465236186981201
