num_simulations,num_observation,algorithm,C2ST
2500,1,SNLE,0.9852499961853027
5000,1,SNLE,0.9846500158309937
7500,1,SNLE,0.8777999877929688
10000,1,SNLE,0.9190499782562256
