num_simulations,num_observation,algorithm,EMDP2
2500,1,SNLE,1.7861763612339405
5000,1,SNLE,1.9758876041996047
7500,1,SNLE,1.3088299249888182
10000,1,SNLE,2.0560561126859467
