num_simulations,num_observation,algorithm,MMD
2500,1,SNLE,0.22672539949417114
5000,1,SNLE,0.26073920726776123
7500,1,SNLE,0.11444365978240967
10000,1,SNLE,0.32659459114074707
