num_simulations,num_observation,algorithm,C2ST
2500,4,SNPE,0.6475499868392944
5000,4,SNPE,0.6093000173568726
7500,4,SNPE,0.5946499705314636
10000,4,SNPE,0.5924999713897705
