num_simulations,num_observation,algorithm,C2ST
4000,1,SNPE,0.7610999941825867
8000,1,SNPE,0.7422999739646912
12000,1,SNPE,0.7081999778747559
16000,1,SNPE,0.7258999943733215
20000,1,SNPE,0.7164999842643738
24000,1,SNPE,0.7295500040054321
28000,1,SNPE,0.744350016117096
32000,1,SNPE,0.7402999997138977
36000,1,SNPE,0.7464500069618225
40000,1,SNPE,0.7494500279426575
