num_simulations,num_observation,algorithm,EMDP2
4000,1,SNPE,0.3118006946913861
8000,1,SNPE,0.36292849568872576
12000,1,SNPE,0.4509255691584195
16000,1,SNPE,0.4552290742185923
20000,1,SNPE,0.4043360582816807
24000,1,SNPE,0.4181645326250543
28000,1,SNPE,0.40486897118444914
32000,1,SNPE,0.34345870874283213
36000,1,SNPE,0.32089051735312996
40000,1,SNPE,0.3181912463408851
