num_simulations,num_observation,algorithm,MMD
4000,1,SNPE,0.0023685693740844727
8000,1,SNPE,0.003854036331176758
12000,1,SNPE,0.006740927696228027
16000,1,SNPE,0.005424141883850098
20000,1,SNPE,0.003610849380493164
24000,1,SNPE,0.0036715269088745117
28000,1,SNPE,0.0034242868423461914
32000,1,SNPE,0.0020624399185180664
36000,1,SNPE,0.0018284320831298828
40000,1,SNPE,0.0018591880798339844
