num_simulations,num_observation,algorithm,C2ST
10000,1,JASS,0.6565499901771545
20000,1,JASS,0.5756000280380249
30000,1,JASS,0.5794500112533569
40000,1,JASS,0.5878000259399414
