num_simulations,num_observation,algorithm,EMDP2
10000,1,JASS,0.37653625229933735
20000,1,JASS,0.2913662784006004
30000,1,JASS,0.29544115755051287
40000,1,JASS,0.3441893751374323
