num_simulations,num_observation,algorithm,MMD
10000,1,JASS,0.0030153989791870117
20000,1,JASS,0.0017548799514770508
30000,1,JASS,0.003473639488220215
40000,1,JASS,0.005707383155822754
