num_simulations,num_observation,algorithm,C2ST
4000,1,SNPE,0.7457000017166138
8000,1,SNPE,0.7465000152587891
12000,1,SNPE,0.7529000043869019
16000,1,SNPE,0.7598999738693237
20000,1,SNPE,0.7492499947547913
24000,1,SNPE,0.7559999823570251
28000,1,SNPE,0.7411999702453613
32000,1,SNPE,0.7462999820709229
36000,1,SNPE,0.7404500246047974
40000,1,SNPE,0.7441999912261963
