num_simulations,num_observation,algorithm,EMDP2
4000,1,SNPE,0.3898792183913078
8000,1,SNPE,0.45755329660360333
12000,1,SNPE,0.4604483428083181
16000,1,SNPE,0.45696326162191925
20000,1,SNPE,0.4409856667342167
24000,1,SNPE,0.45098214502189143
28000,1,SNPE,0.4345902137798388
32000,1,SNPE,0.41985194928907177
36000,1,SNPE,0.4375166292141587
40000,1,SNPE,0.41752573999629533
