num_simulations,num_observation,algorithm,MMD
4000,1,SNPE,0.00383758544921875
8000,1,SNPE,0.006364703178405762
12000,1,SNPE,0.0053555965423583984
16000,1,SNPE,0.005054950714111328
20000,1,SNPE,0.004813671112060547
24000,1,SNPE,0.0053675174713134766
28000,1,SNPE,0.004961490631103516
32000,1,SNPE,0.004361629486083984
36000,1,SNPE,0.004999995231628418
40000,1,SNPE,0.004429221153259277
