num_simulations,num_observation,algorithm,C2ST
2500,1,SNPE,0.5828999876976013
5000,1,SNPE,0.5885499715805054
7500,1,SNPE,0.5355499982833862
10000,1,SNPE,0.5635499954223633
