num_simulations,num_observation,algorithm,C2ST
1000,5,SNPE,0.8915500044822693
2000,5,SNPE,0.8483499884605408
3000,5,SNPE,0.7457000017166138
4000,5,SNPE,0.6761000156402588
5000,5,SNPE,0.6110000014305115
6000,5,SNPE,0.5900499820709229
7000,5,SNPE,0.5865499973297119
8000,5,SNPE,0.5921000242233276
9000,5,SNPE,0.5761500000953674
10000,5,SNPE,0.5651999711990356
