num_simulations,num_observation,algorithm,EMDP2
1000,5,SNPE,1.4283710267081988
2000,5,SNPE,1.1815422963815714
3000,5,SNPE,0.7786501663930994
4000,5,SNPE,0.6375390989647638
5000,5,SNPE,0.5594220768246179
6000,5,SNPE,0.5537125082917626
7000,5,SNPE,0.535835424646376
8000,5,SNPE,0.5103922587320289
9000,5,SNPE,0.4822951896271483
10000,5,SNPE,0.49014566050946407
