num_simulations,num_observation,algorithm,MMD
1000,5,SNPE,0.23212182521820068
2000,5,SNPE,0.15312516689300537
3000,5,SNPE,0.0546494722366333
4000,5,SNPE,0.02359294891357422
5000,5,SNPE,0.007549285888671875
6000,5,SNPE,0.006608128547668457
7000,5,SNPE,0.00775599479675293
8000,5,SNPE,0.01271820068359375
9000,5,SNPE,0.008189201354980469
10000,5,SNPE,0.008462667465209961
