num_simulations,num_observation,algorithm,C2ST
10000,1,SNLE,0.991599977016449
20000,1,SNLE,0.9652500152587891
30000,1,SNLE,0.9868000149726868
40000,1,SNLE,0.9746999740600586