num_simulations,num_observation,algorithm,EMDP2
10000,1,SNLE,2.7576747228146092
20000,1,SNLE,2.0731986141582834
30000,1,SNLE,2.2588371756332073
40000,1,SNLE,2.767996782195925
