num_simulations,num_observation,algorithm,MMD
10000,1,SNLE,0.6122138500213623
20000,1,SNLE,0.28052324056625366
30000,1,SNLE,0.35794174671173096
40000,1,SNLE,0.5829867720603943
