num_simulations,num_observation,algorithm,C2ST
10000,1,SNPE,0.7158499956130981
20000,1,SNPE,0.7385500073432922
30000,1,SNPE,0.7666500210762024
40000,1,SNPE,0.7457500100135803
