num_simulations,num_observation,algorithm,EMDP2
10000,1,SNPE,0.3458280504482946
20000,1,SNPE,0.39458034677381426
30000,1,SNPE,0.396866658578178
40000,1,SNPE,0.3970339005855469
