num_simulations,num_observation,algorithm,MMD
10000,1,SNPE,0.0024460554122924805
20000,1,SNPE,0.003789544105529785
30000,1,SNPE,0.002772212028503418
40000,1,SNPE,0.0026900768280029297
