num_simulations,num_observation,algorithm,EMDP2
1000,5,SNLE,0.4494771300647553
2000,5,SNLE,0.39387349325915955
3000,5,SNLE,0.07262224684472203
4000,5,SNLE,0.0718019867197545
5000,5,SNLE,0.07139257172116524
6000,5,SNLE,0.07002034787399139
7000,5,SNLE,0.07001427439640773
8000,5,SNLE,0.0696141835334239
9000,5,SNLE,0.07027693574865165
10000,5,SNLE,0.07096992220918927
