num_simulations,num_observation,algorithm,MMD
1000,5,SNLE,0.0031795501708984375
2000,5,SNLE,0.0018579959869384766
3000,5,SNLE,-1.2278556823730469e-05
4000,5,SNLE,-3.0994415283203125e-05
5000,5,SNLE,-2.300739288330078e-05
6000,5,SNLE,-3.349781036376953e-05
7000,5,SNLE,-3.647804260253906e-05
8000,5,SNLE,-3.3974647521972656e-05
9000,5,SNLE,-3.325939178466797e-05
10000,5,SNLE,-3.3974647521972656e-05
