num_simulations,num_observation,algorithm,C2ST
4000,1,SNLE,0.9896000027656555
8000,1,SNLE,0.8766000270843506
12000,1,SNLE,0.894349992275238
16000,1,SNLE,0.8965499997138977
20000,1,SNLE,0.8924499750137329
24000,1,SNLE,0.9466999769210815
28000,1,SNLE,0.9480999708175659
32000,1,SNLE,0.9438499808311462
36000,1,SNLE,0.9409999847412109
40000,1,SNLE,0.9423499703407288
