num_simulations,num_observation,algorithm,EMDP2
4000,1,SNLE,2.0775299747700084
8000,1,SNLE,0.9006759294342167
12000,1,SNLE,1.2780877411085747
16000,1,SNLE,1.143015363158116
20000,1,SNLE,1.1155756312519565
24000,1,SNLE,2.231134601770161
28000,1,SNLE,2.170196430606501
32000,1,SNLE,2.1596278991939366
36000,1,SNLE,2.2141237060002164
40000,1,SNLE,2.5237233650638973
