num_simulations,num_observation,algorithm,MMD
4000,1,SNLE,0.28398799896240234
8000,1,SNLE,0.05686008930206299
12000,1,SNLE,0.11894428730010986
16000,1,SNLE,0.07886409759521484
20000,1,SNLE,0.07468414306640625
24000,1,SNLE,0.398274302482605
28000,1,SNLE,0.3778407573699951
32000,1,SNLE,0.37428367137908936
36000,1,SNLE,0.3970860242843628
40000,1,SNLE,0.5222923755645752
