num_simulations,num_observation,algorithm,C2ST
2500,1,SEMPLE,0.7358499765396118
5000,1,SEMPLE,0.708299994468689
7500,1,SEMPLE,0.6647499799728394
10000,1,SEMPLE,0.6440500020980835
