num_simulations,num_observation,algorithm,EMDP2
2500,1,SEMPLE,0.6451767638377137
5000,1,SEMPLE,0.7537790858464369
7500,1,SEMPLE,0.4727902940904452
10000,1,SEMPLE,0.6264045903340617
