num_simulations,num_observation,algorithm,MMD
2500,1,SEMPLE,0.018027663230895996
5000,1,SEMPLE,0.02071070671081543
7500,1,SEMPLE,0.003221273422241211
10000,1,SEMPLE,0.011852860450744629
