num_simulations,num_observation,algorithm,C2ST
20000,9,JASS,0.9696499705314636
40000,9,JASS,0.9695500135421753
60000,9,JASS,0.9707000255584717
80000,9,JASS,0.9700499773025513
