num_simulations,num_observation,algorithm,EMDP2
20000,9,JASS,2.9049638861929257
40000,9,JASS,3.0797442471592653
60000,9,JASS,2.9732485497595946
80000,9,JASS,2.95865527117397
