num_simulations,num_observation,algorithm,MMD
20000,9,JASS,0.16843914985656738
40000,9,JASS,0.2054893970489502
60000,9,JASS,0.18649953603744507
80000,9,JASS,0.18317216634750366
