num_simulations,num_observation,algorithm,C2ST
5000,4,SNPE,0.7477999925613403
10000,4,SNPE,0.710349977016449
