num_simulations,num_observation,algorithm,EMDP2
5000,4,SNPE,1.6816908961951034
10000,4,SNPE,1.6239606238544588
