num_simulations,num_observation,algorithm,C2ST
4000,1,SNLE,0.7760499715805054
8000,1,SNLE,0.6820499897003174
12000,1,SNLE,0.6601499915122986
16000,1,SNLE,0.6213499903678894
20000,1,SNLE,0.6062999963760376
24000,1,SNLE,0.5894500017166138
28000,1,SNLE,0.5840499997138977
32000,1,SNLE,0.5947499871253967
36000,1,SNLE,0.5836499929428101
40000,1,SNLE,0.5935999751091003
