num_simulations,num_observation,algorithm,EMDP2
4000,1,SNLE,0.25734357828621257
8000,1,SNLE,0.1737622889442324
12000,1,SNLE,0.12875014372305787
16000,1,SNLE,0.0955334032148883
20000,1,SNLE,0.06988055964086501
24000,1,SNLE,0.070320880256059
28000,1,SNLE,0.07974722329016334
32000,1,SNLE,0.09929840391956611
36000,1,SNLE,0.09153895092765212
40000,1,SNLE,0.10839776441146545
