num_simulations,num_observation,algorithm,MMD
4000,1,SNLE,0.0790029764175415
8000,1,SNLE,0.042581260204315186
12000,1,SNLE,0.023838162422180176
16000,1,SNLE,0.011338591575622559
20000,1,SNLE,0.005362272262573242
24000,1,SNLE,0.00228273868560791
28000,1,SNLE,0.0035213232040405273
32000,1,SNLE,0.010732412338256836
36000,1,SNLE,0.007408618927001953
40000,1,SNLE,0.015028238296508789
