num_simulations,num_observation,algorithm,C2ST
10000,1,SNLE,0.6934999823570251
20000,1,SNLE,0.7889000177383423
30000,1,SNLE,0.5636000037193298
40000,1,SNLE,0.5603500008583069
