num_simulations,num_observation,algorithm,EMDP2
10000,1,SNLE,0.10910853540015691
20000,1,SNLE,0.27961053393826246
30000,1,SNLE,0.07245512522961393
40000,1,SNLE,0.05879236470282938
