num_simulations,num_observation,algorithm,MMD
10000,1,SNLE,0.02840721607208252
20000,1,SNLE,0.15669625997543335
30000,1,SNLE,0.006940245628356934
40000,1,SNLE,0.003810882568359375
