num_simulations,num_observation,algorithm,C2ST
5000,5,SNPE,0.7347999811172485
10000,5,SNPE,0.6982499957084656
