num_simulations,num_observation,algorithm,EMDP2
5000,5,SNPE,1.0831373677424978
10000,5,SNPE,0.6512999247551473
