num_simulations,num_observation,algorithm,C2ST
20000,6,SNPE,0.8530499935150146
40000,6,SNPE,0.7247499823570251
60000,6,SNPE,0.6645500063896179
80000,6,SNPE,0.6317499876022339
