num_simulations,num_observation,algorithm,EMDP2
20000,6,SNPE,1.4823976753211099
40000,6,SNPE,0.6658644419520927
60000,6,SNPE,0.6379910474100354
80000,6,SNPE,0.4955353951776619
