num_simulations,num_observation,algorithm,MMD
20000,6,SNPE,0.02273249626159668
40000,6,SNPE,0.00400388240814209
60000,6,SNPE,0.0018693208694458008
80000,6,SNPE,0.0009703636169433594
