num_simulations,num_observation,algorithm,C2ST
2500,1,SNPE,0.7516000270843506
5000,1,SNPE,0.701200008392334
7500,1,SNPE,0.6980000138282776
10000,1,SNPE,0.776199996471405
