num_simulations,num_observation,algorithm,EMDP2
2500,1,SNPE,0.3074301618171483
5000,1,SNPE,0.42919893643757495
7500,1,SNPE,0.4774407050784452
10000,1,SNPE,0.4784831213788053
