num_simulations,num_observation,algorithm,MMD
2500,1,SNPE,0.0014920234680175781
5000,1,SNPE,0.007445931434631348
7500,1,SNPE,0.0062760114669799805
10000,1,SNPE,0.004414200782775879
