num_simulations,num_observation,algorithm,C2ST
1000,4,SNLE,0.6387500166893005
2000,4,SNLE,0.599049985408783
3000,4,SNLE,0.5752999782562256
4000,4,SNLE,0.5798500180244446
5000,4,SNLE,0.577750027179718
6000,4,SNLE,0.5683500170707703
7000,4,SNLE,0.5533999800682068
8000,4,SNLE,0.5785999894142151
9000,4,SNLE,0.5760999917984009
10000,4,SNLE,0.5799999833106995
