num_simulations,num_observation,algorithm,EMDP2
1000,4,SNLE,1.0449928933758932
2000,4,SNLE,0.9433716930083392
3000,4,SNLE,0.6434057361988654
4000,4,SNLE,0.6536101338329667
5000,4,SNLE,0.6319921361768613
6000,4,SNLE,0.6289414120649603
7000,4,SNLE,0.6495029354285652
8000,4,SNLE,0.6336081845286132
9000,4,SNLE,0.6224067509040184
10000,4,SNLE,0.6321319937067906
