num_simulations,num_observation,algorithm,MMD
1000,4,SNLE,0.06499004364013672
2000,4,SNLE,0.051050662994384766
3000,4,SNLE,0.0075321197509765625
4000,4,SNLE,0.008994102478027344
5000,4,SNLE,0.005464673042297363
6000,4,SNLE,0.0056095123291015625
7000,4,SNLE,0.007938981056213379
8000,4,SNLE,0.006844282150268555
9000,4,SNLE,0.004897594451904297
10000,4,SNLE,0.0060901641845703125
