num_simulations,num_observation,algorithm,C2ST
1000,8,SNLE,0.6571000218391418
2000,8,SNLE,0.5897499918937683
3000,8,SNLE,0.5754500031471252
4000,8,SNLE,0.569100022315979
5000,8,SNLE,0.5666999816894531
6000,8,SNLE,0.5846499800682068
7000,8,SNLE,0.5773000121116638
8000,8,SNLE,0.5651999711990356
9000,8,SNLE,0.5863000154495239
10000,8,SNLE,0.5726000070571899
