num_simulations,num_observation,algorithm,EMDP2
1000,8,SNLE,0.8172249799262357
2000,8,SNLE,0.6517972399933887
3000,8,SNLE,0.7344410402678933
4000,8,SNLE,0.7400453190138755
5000,8,SNLE,0.7458522959997046
6000,8,SNLE,0.8091780786084022
7000,8,SNLE,0.7529606024636128
8000,8,SNLE,0.7331533422326969
9000,8,SNLE,0.8102651498137613
10000,8,SNLE,0.7743917605407418
