num_simulations,num_observation,algorithm,MMD
1000,8,SNLE,0.045085787773132324
2000,8,SNLE,0.009648442268371582
3000,8,SNLE,0.019678115844726562
4000,8,SNLE,0.02146732807159424
5000,8,SNLE,0.022980093955993652
6000,8,SNLE,0.0334320068359375
7000,8,SNLE,0.02655315399169922
8000,8,SNLE,0.025641560554504395
9000,8,SNLE,0.03684258460998535
10000,8,SNLE,0.03163313865661621
