num_simulations,num_observation,algorithm,C2ST
4000,1,SNLE,0.7414500117301941
8000,1,SNLE,0.7085000276565552
12000,1,SNLE,0.7129499912261963
16000,1,SNLE,0.6897500157356262
20000,1,SNLE,0.6783999800682068
24000,1,SNLE,0.6666499972343445
28000,1,SNLE,0.6521000266075134
32000,1,SNLE,0.6325500011444092
36000,1,SNLE,0.6431000232696533
40000,1,SNLE,0.6356499791145325
