num_simulations,num_observation,algorithm,EMDP2
4000,1,SNLE,0.1526682703199675
8000,1,SNLE,0.13295000745757987
12000,1,SNLE,0.11710290238895271
16000,1,SNLE,0.10038066000359558
20000,1,SNLE,0.08602553744793462
24000,1,SNLE,0.09378798824587273
28000,1,SNLE,0.08673024042325836
32000,1,SNLE,0.13183461076553507
36000,1,SNLE,0.14569594396629318
40000,1,SNLE,0.1401848292548427
