num_simulations,num_observation,algorithm,MMD
4000,1,SNLE,0.05083805322647095
8000,1,SNLE,0.028051316738128662
12000,1,SNLE,0.025543212890625
16000,1,SNLE,0.0238724946975708
20000,1,SNLE,0.016269445419311523
24000,1,SNLE,0.02439272403717041
28000,1,SNLE,0.017068147659301758
32000,1,SNLE,0.03338778018951416
36000,1,SNLE,0.042217254638671875
40000,1,SNLE,0.03944861888885498
