num_simulations,num_observation,algorithm,C2ST
20000,7,JASS,0.9911999702453613
40000,7,JASS,0.9951000213623047
60000,7,JASS,0.9944000244140625
80000,7,JASS,0.9922500252723694
