num_simulations,num_observation,algorithm,EMDP2
20000,7,JASS,3.546133530613452
40000,7,JASS,3.5520410853415743
60000,7,JASS,3.54624131876424
80000,7,JASS,3.3481483446740854
