num_simulations,num_observation,algorithm,MMD
20000,7,JASS,0.0900723934173584
40000,7,JASS,0.1017305850982666
60000,7,JASS,0.10657680034637451
80000,7,JASS,0.0822751522064209
