num_simulations,num_observation,algorithm,C2ST
2500,6,JASS,0.5421000123023987
5000,6,JASS,0.5806499719619751
7500,6,JASS,0.5577499866485596
10000,6,JASS,0.5546500086784363
