num_simulations,num_observation,algorithm,EMDP2
2500,6,JASS,0.05570946912782674
5000,6,JASS,0.11494524472579673
7500,6,JASS,0.15358885286316906
10000,6,JASS,0.22375812157311942
