num_simulations,num_observation,algorithm,MMD
2500,6,JASS,0.0003666877746582031
5000,6,JASS,0.0005431175231933594
7500,6,JASS,0.0013648271560668945
10000,6,JASS,0.00604403018951416
