num_simulations,num_observation,algorithm,EMDP2
5000,8,SEMPLE,1.277716173413787
10000,8,SEMPLE,0.9458336138973976
