num_simulations,num_observation,algorithm,C2ST
20000,3,JASS,0.9716500043869019
40000,3,JASS,0.9689499735832214
60000,3,JASS,0.9777500033378601
80000,3,JASS,0.9696000218391418
