num_simulations,num_observation,algorithm,EMDP2
20000,3,JASS,3.0286044853916203
40000,3,JASS,2.7478487552673556
60000,3,JASS,2.834013081267343
80000,3,JASS,2.889956187872914
