num_simulations,num_observation,algorithm,MMD
20000,3,JASS,0.08158040046691895
40000,3,JASS,0.06558513641357422
60000,3,JASS,0.06710326671600342
80000,3,JASS,0.07237327098846436
