num_simulations,num_observation,algorithm,C2ST
10000,1,SNLE,0.7028999924659729
20000,1,SNLE,0.8228499889373779
30000,1,SNLE,0.7150999903678894
40000,1,SNLE,0.720550000667572
