num_simulations,num_observation,algorithm,EMDP2
10000,1,SNLE,0.17471285810137807
20000,1,SNLE,0.26194776852937174
30000,1,SNLE,0.20910700908828503
40000,1,SNLE,0.22713558935691552
