num_simulations,num_observation,algorithm,MMD
10000,1,SNLE,0.10787129402160645
20000,1,SNLE,0.21945971250534058
30000,1,SNLE,0.1439751386642456
40000,1,SNLE,0.1650618314743042
