num_simulations,num_observation,algorithm,C2ST
1000,1,SNLE,0.7285500168800354
2000,1,SNLE,0.7351999878883362
3000,1,SNLE,0.7017499804496765
4000,1,SNLE,0.6734499931335449
5000,1,SNLE,0.6557499766349792
6000,1,SNLE,0.6118500232696533
7000,1,SNLE,0.6271499991416931
8000,1,SNLE,0.5932499766349792
9000,1,SNLE,0.5996999740600586
10000,1,SNLE,0.5938000082969666
