num_simulations,num_observation,algorithm,EMDP2
1000,1,SNLE,0.050702479198165944
2000,1,SNLE,0.0451886717630162
3000,1,SNLE,0.29924677189917465
4000,1,SNLE,0.30137689832018144
5000,1,SNLE,0.2997037519347252
6000,1,SNLE,0.29998213751677505
7000,1,SNLE,0.2997849292679791
8000,1,SNLE,0.2976530015715823
9000,1,SNLE,0.2977926451715785
10000,1,SNLE,0.29805538984973917
