num_simulations,num_observation,algorithm,MMD
1000,1,SNLE,7.152557373046875e-06
2000,1,SNLE,-2.8014183044433594e-05
3000,1,SNLE,0.00072479248046875
4000,1,SNLE,0.0007810592651367188
5000,1,SNLE,0.000727534294128418
6000,1,SNLE,0.0007134675979614258
7000,1,SNLE,0.0007574558258056641
8000,1,SNLE,0.0007016658782958984
9000,1,SNLE,0.0007178783416748047
10000,1,SNLE,0.0006974935531616211
