num_simulations,num_observation,algorithm,C2ST
4000,1,SNPE,0.9463499784469604
8000,1,SNPE,0.9603000283241272
12000,1,SNPE,0.9309999942779541
16000,1,SNPE,0.8382999897003174
20000,1,SNPE,0.8061500191688538
24000,1,SNPE,0.7409499883651733
28000,1,SNPE,0.7382000088691711
32000,1,SNPE,0.673799991607666
36000,1,SNPE,0.7130500078201294
40000,1,SNPE,0.6890000104904175
