num_simulations,num_observation,algorithm,EMDP2
4000,1,SNPE,1.7463152506933457
8000,1,SNPE,1.8918129938902353
12000,1,SNPE,1.743979847796001
16000,1,SNPE,1.0696320567417463
20000,1,SNPE,0.9110604805329306
24000,1,SNPE,0.37869425174410043
28000,1,SNPE,0.2525519492853931
32000,1,SNPE,0.20454653121436597
36000,1,SNPE,0.22994373183761171
40000,1,SNPE,0.18946616626872825
