num_simulations,num_observation,algorithm,MMD
4000,1,SNPE,0.36190706491470337
8000,1,SNPE,0.41664034128189087
12000,1,SNPE,0.34926679730415344
16000,1,SNPE,0.1810813546180725
20000,1,SNPE,0.11935096979141235
24000,1,SNPE,0.060669541358947754
28000,1,SNPE,0.029394865036010742
32000,1,SNPE,0.013468265533447266
36000,1,SNPE,0.021524429321289062
40000,1,SNPE,0.017041921615600586
