num_simulations,num_observation,algorithm,C2ST
10000,1,SNPE,0.950950026512146
20000,1,SNPE,0.9108499884605408
30000,1,SNPE,0.8778499960899353
40000,1,SNPE,0.8472999930381775
