num_simulations,num_observation,algorithm,EMDP2
10000,1,SNPE,1.9125973842533606
20000,1,SNPE,1.5630731106750575
30000,1,SNPE,1.2874415847200738
40000,1,SNPE,0.9624391063092104
