num_simulations,num_observation,algorithm,MMD
10000,1,SNPE,0.3877209424972534
20000,1,SNPE,0.293780118227005
30000,1,SNPE,0.20446717739105225
40000,1,SNPE,0.12265360355377197
