num_simulations,num_observation,algorithm,C2ST
1000,6,SNLE,0.6578500270843506
2000,6,SNLE,0.6161500215530396
3000,6,SNLE,0.5867000222206116
4000,6,SNLE,0.5758500099182129
5000,6,SNLE,0.5728499889373779
6000,6,SNLE,0.5774499773979187
7000,6,SNLE,0.5601999759674072
8000,6,SNLE,0.5408499836921692
9000,6,SNLE,0.5224000215530396
10000,6,SNLE,0.5334500074386597
