num_simulations,num_observation,algorithm,EMDP2
1000,6,SNLE,1.1432111666988902
2000,6,SNLE,1.0198352334287004
3000,6,SNLE,0.7953502332791513
4000,6,SNLE,0.7373415464233805
5000,6,SNLE,0.7130000180320736
6000,6,SNLE,0.7807380219387537
7000,6,SNLE,0.6378385120985991
8000,6,SNLE,0.6065015741804133
9000,6,SNLE,0.4904397824609713
10000,6,SNLE,0.4849758284816422
