num_simulations,num_observation,algorithm,MMD
1000,6,SNLE,0.05492842197418213
2000,6,SNLE,0.055631816387176514
3000,6,SNLE,0.04395437240600586
4000,6,SNLE,0.029889941215515137
5000,6,SNLE,0.030149102210998535
6000,6,SNLE,0.04297935962677002
7000,6,SNLE,0.02243804931640625
8000,6,SNLE,0.016881585121154785
9000,6,SNLE,0.003008127212524414
10000,6,SNLE,0.00269317626953125
