num_simulations,num_observation,algorithm,C2ST
2500,1,SNPE,0.7611500024795532
5000,1,SNPE,0.7310000061988831
7500,1,SNPE,0.7268999814987183
10000,1,SNPE,0.7410500049591064
