num_simulations,num_observation,algorithm,EMDP2
2500,1,SNPE,0.31124450207833654
5000,1,SNPE,0.45006565842657226
7500,1,SNPE,0.439951055805681
10000,1,SNPE,0.4281236071839008
