num_simulations,num_observation,algorithm,MMD
2500,1,SNPE,0.0012780427932739258
5000,1,SNPE,0.0072498321533203125
7500,1,SNPE,0.003817915916442871
10000,1,SNPE,0.0031290054321289062
