num_simulations,num_observation,algorithm,C2ST
10000,1,SNLE,0.6789500117301941
20000,1,SNLE,0.8354499936103821
30000,1,SNLE,0.5900999903678894
40000,1,SNLE,0.5883499979972839
