num_simulations,num_observation,algorithm,EMDP2
10000,1,SNLE,0.14678765603665853
20000,1,SNLE,0.28516892750701994
30000,1,SNLE,0.07529969899679534
40000,1,SNLE,0.0696444642852155
