num_simulations,num_observation,algorithm,MMD
10000,1,SNLE,0.05009639263153076
20000,1,SNLE,0.15778082609176636
30000,1,SNLE,0.0037380456924438477
40000,1,SNLE,0.007283806800842285
