num_simulations,num_observation,algorithm,EMDP2
2500,10,SNLE,0.08283112389989386
5000,10,SNLE,0.05919003203098067
7500,10,SNLE,0.03441282222067099
10000,10,SNLE,0.04196174050547698
