num_simulations,num_observation,algorithm,C2ST
4000,1,SNPE,0.9556999802589417
8000,1,SNPE,0.9617499709129333
12000,1,SNPE,0.9428499937057495
16000,1,SNPE,0.8317499756813049
20000,1,SNPE,0.8087000250816345
24000,1,SNPE,0.7907500267028809
28000,1,SNPE,0.8105499744415283
32000,1,SNPE,0.8597999811172485
36000,1,SNPE,0.8458999991416931
40000,1,SNPE,0.8151500225067139
