num_simulations,num_observation,algorithm,EMDP2
4000,1,SNPE,1.8168413900340172
8000,1,SNPE,1.9210330583902993
12000,1,SNPE,1.7735006284206116
16000,1,SNPE,0.9162701281241055
20000,1,SNPE,0.7239088661157196
24000,1,SNPE,0.600362468264826
28000,1,SNPE,0.573437486804274
32000,1,SNPE,0.513018985655892
36000,1,SNPE,0.5149987469123284
40000,1,SNPE,0.32276259094677523
