num_simulations,num_observation,algorithm,MMD
4000,1,SNPE,0.37123602628707886
8000,1,SNPE,0.42375892400741577
12000,1,SNPE,0.35516130924224854
16000,1,SNPE,0.15617859363555908
20000,1,SNPE,0.09537333250045776
24000,1,SNPE,0.07850313186645508
28000,1,SNPE,0.06555241346359253
32000,1,SNPE,0.08268648386001587
36000,1,SNPE,0.07926660776138306
40000,1,SNPE,0.05155014991760254
