num_simulations,num_observation,algorithm,C2ST
1000,4,SNPE,0.7533000111579895
2000,4,SNPE,0.7154499888420105
3000,4,SNPE,0.6795499920845032
4000,4,SNPE,0.6714000105857849
5000,4,SNPE,0.6193000078201294
6000,4,SNPE,0.5968000292778015
7000,4,SNPE,0.5931500196456909
8000,4,SNPE,0.5607500076293945
9000,4,SNPE,0.5580499768257141
10000,4,SNPE,0.5486000180244446
