num_simulations,num_observation,algorithm,EMDP2
1000,4,SNPE,0.15026191001524927
2000,4,SNPE,0.1764716817814789
3000,4,SNPE,0.13422951709578637
4000,4,SNPE,0.15008112698780077
5000,4,SNPE,0.13880778110503228
6000,4,SNPE,0.13458827906694967
7000,4,SNPE,0.1440341552004609
8000,4,SNPE,0.1583960709224268
9000,4,SNPE,0.13844275773698445
10000,4,SNPE,0.13839511566719542
