num_simulations,num_observation,algorithm,MMD
1000,4,SNPE,0.017260968685150146
2000,4,SNPE,0.007226467132568359
3000,4,SNPE,0.006645083427429199
4000,4,SNPE,0.0067130327224731445
5000,4,SNPE,0.007905542850494385
6000,4,SNPE,0.0068936944007873535
7000,4,SNPE,0.007797062397003174
8000,4,SNPE,0.0038344860076904297
9000,4,SNPE,0.003245234489440918
10000,4,SNPE,0.0017671585083007812
