num_simulations,num_observation,algorithm,C2ST
10000,1,SNLE,0.6208999752998352
20000,1,SNLE,0.8985000252723694
30000,1,SNLE,0.6345999836921692
40000,1,SNLE,0.6103000044822693
