num_simulations,num_observation,algorithm,EMDP2
10000,1,SNLE,0.07890012727767301
20000,1,SNLE,0.49659157410474486
30000,1,SNLE,0.1108626171972836
40000,1,SNLE,0.09819537350023996
