num_simulations,num_observation,algorithm,MMD
10000,1,SNLE,0.021102070808410645
20000,1,SNLE,0.5932944416999817
30000,1,SNLE,0.037502288818359375
40000,1,SNLE,0.03200936317443848
