num_simulations,num_observation,algorithm,C2ST
20000,3,SNLE,0.7850499749183655
40000,3,SNLE,0.5949000120162964
60000,3,SNLE,0.5605999827384949
80000,3,SNLE,0.5618500113487244
