num_simulations,num_observation,algorithm,EMDP2
20000,3,SNLE,1.9362124720347635
40000,3,SNLE,1.5618306115130831
60000,3,SNLE,1.2406826506227893
80000,3,SNLE,1.4629465471442322
