num_simulations,num_observation,algorithm,MMD
20000,3,SNLE,0.029753923416137695
40000,3,SNLE,0.004466891288757324
60000,3,SNLE,0.002261042594909668
80000,3,SNLE,0.005021095275878906
