{"num_simulation_per_iteration":10000,"num_samples_saved":10000,"num_priorpred_samples":10000,"num_iters":3,"burnin":100,"K_start":10,"cov_structure":"","factor_cvMH":1,"mixprob_thresh":0.005,"MH_target":"likelihood","gllim_maxiter":300,"num_param":8,"dim_data":60,"prior_mean":[-0.694,-3,0.027,5.704,0.751,-0.164,2.079,-2],"prior_sd":[0.707106781186548,0.707106781186548,0.707106781186548,0.707106781186548,0.707106781186548,0.707106781186548,0.707106781186548,0.707106781186548],"true_param_values":[-1.153,-3.501,-0.181,4.601,0.386,-2.121,2.185,-2.578]}
