num_simulations,num_observation,algorithm,C2ST
5000,9,SNLE,0.6492000222206116
10000,9,SNLE,0.538100004196167
