num_simulations,num_observation,algorithm,EMDP2
5000,9,SNLE,0.8556193583392457
10000,9,SNLE,0.5872349433155533
