num_simulations,num_observation,algorithm,MMD
5000,9,SNLE,0.04557633399963379
10000,9,SNLE,0.002541661262512207
