num_simulations,num_observation,algorithm,C2ST
20000,3,SNPE,0.8789499998092651
40000,3,SNPE,0.7448999881744385
60000,3,SNPE,0.7474499940872192
80000,3,SNPE,0.6748499870300293
