num_simulations,num_observation,algorithm,EMDP2
20000,3,SNPE,1.7862790497552192
40000,3,SNPE,1.2545374177955386
60000,3,SNPE,1.1535235389214917
80000,3,SNPE,1.0412332256503773
