num_simulations,num_observation,algorithm,MMD
20000,3,SNPE,0.017430901527404785
40000,3,SNPE,0.013955235481262207
60000,3,SNPE,0.016725659370422363
80000,3,SNPE,0.006597995758056641
