num_simulations,num_observation,algorithm,C2ST
2500,1,SEMPLE,0.6912999749183655
5000,1,SEMPLE,0.6706500053405762
7500,1,SEMPLE,0.6324999928474426
10000,1,SEMPLE,0.6319000124931335
