num_simulations,num_observation,algorithm,EMDP2
2500,1,SEMPLE,0.6225637390878531
5000,1,SEMPLE,0.5833919517381059
7500,1,SEMPLE,0.4225672919143403
10000,1,SEMPLE,0.416906306610987
