num_simulations,num_observation,algorithm,MMD
2500,1,SEMPLE,0.01470029354095459
5000,1,SEMPLE,0.012736201286315918
7500,1,SEMPLE,0.005098700523376465
10000,1,SEMPLE,0.003857851028442383
