num_simulations,num_observation,algorithm,C2ST
1000,1,SNLE,0.991599977016449
2000,1,SNLE,0.9696499705314636
3000,1,SNLE,0.9765499830245972
4000,1,SNLE,0.984000027179718
5000,1,SNLE,0.9526500105857849
6000,1,SNLE,0.948199987411499
7000,1,SNLE,0.9462500214576721
8000,1,SNLE,0.9302999973297119
9000,1,SNLE,0.9337499737739563
10000,1,SNLE,0.9364500045776367
