num_simulations,num_observation,algorithm,EMDP2
1000,1,SNLE,1.3932934207405376
2000,1,SNLE,2.559591085255811
3000,1,SNLE,1.9693603591769906
4000,1,SNLE,1.9798994879951177
5000,1,SNLE,1.6984629744680082
6000,1,SNLE,1.6405916584894245
7000,1,SNLE,1.9578614685684517
8000,1,SNLE,2.0004281507732444
9000,1,SNLE,2.168986465121848
10000,1,SNLE,2.268304590994011
