num_simulations,num_observation,algorithm,MMD
1000,1,SNLE,0.11414045095443726
2000,1,SNLE,0.5365688800811768
3000,1,SNLE,0.3108525276184082
4000,1,SNLE,0.31647956371307373
5000,1,SNLE,0.20803821086883545
6000,1,SNLE,0.18714463710784912
7000,1,SNLE,0.2900465726852417
8000,1,SNLE,0.30498623847961426
9000,1,SNLE,0.3676598072052002
10000,1,SNLE,0.40090835094451904
