num_simulations,num_observation,algorithm,C2ST
10000,1,SNLE,0.7033500075340271
20000,1,SNLE,0.9386500120162964
30000,1,SNLE,0.6317999958992004
40000,1,SNLE,0.5670499801635742
