num_simulations,num_observation,algorithm,EMDP2
10000,1,SNLE,0.22538283645408372
20000,1,SNLE,0.9275539157587372
30000,1,SNLE,0.1178918107192353
40000,1,SNLE,0.07426000410930515
