num_simulations,num_observation,algorithm,MMD
10000,1,SNLE,0.08875113725662231
20000,1,SNLE,0.5786616802215576
30000,1,SNLE,0.03021562099456787
40000,1,SNLE,0.006712913513183594
