num_simulations,num_observation,algorithm,C2ST
5000,10,SNLE,0.6085000038146973
10000,10,SNLE,0.5410500168800354
