num_simulations,num_observation,algorithm,EMDP2
5000,10,SNLE,0.4518671325562178
10000,10,SNLE,0.44124191494278925
