num_simulations,num_observation,algorithm,C2ST
5000,2,SEMPLE,0.7728000283241272
10000,2,SEMPLE,0.9088000059127808
