num_simulations,num_observation,algorithm,EMDP2
5000,2,SEMPLE,1.8028608934250414
10000,2,SEMPLE,0.8340768107803906
