num_simulations,num_observation,algorithm,MMD
5000,2,SEMPLE,0.2983543276786804
10000,2,SEMPLE,0.03091120719909668
