num_simulations,num_observation,algorithm,C2ST
1000,1,SNPE,0.7825000286102295
2000,1,SNPE,0.7789499759674072
3000,1,SNPE,0.8087000250816345
4000,1,SNPE,0.7511000037193298
5000,1,SNPE,0.7679499983787537
6000,1,SNPE,0.7991999983787537
7000,1,SNPE,0.7858999967575073
8000,1,SNPE,0.7371000051498413
9000,1,SNPE,0.7698000073432922
10000,1,SNPE,0.7559999823570251
