num_simulations,num_observation,algorithm,EMDP2
1000,1,SNPE,0.36301757950963975
2000,1,SNPE,0.3807112719528103
3000,1,SNPE,0.4385439801731507
4000,1,SNPE,0.5017687656006555
5000,1,SNPE,0.4990841545102615
6000,1,SNPE,0.477685829398297
7000,1,SNPE,0.4780636941189102
8000,1,SNPE,0.47177680620477735
9000,1,SNPE,0.4666402846436258
10000,1,SNPE,0.5566926578575897
