num_simulations,num_observation,algorithm,MMD
1000,1,SNPE,0.0034023523330688477
2000,1,SNPE,0.004458904266357422
3000,1,SNPE,0.005760312080383301
4000,1,SNPE,0.00664520263671875
5000,1,SNPE,0.0059278011322021484
6000,1,SNPE,0.005219697952270508
7000,1,SNPE,0.0052831172943115234
8000,1,SNPE,0.005561947822570801
9000,1,SNPE,0.005208373069763184
10000,1,SNPE,0.01005566120147705
