num_simulations,num_observation,algorithm,C2ST
1000,7,SNPE,0.8600500226020813
2000,7,SNPE,0.8634499907493591
3000,7,SNPE,0.6948000192642212
4000,7,SNPE,0.6281499862670898
5000,7,SNPE,0.6499500274658203
6000,7,SNPE,0.6041499972343445
7000,7,SNPE,0.5802000164985657
8000,7,SNPE,0.5681999921798706
9000,7,SNPE,0.5794000029563904
10000,7,SNPE,0.5558000206947327
