num_simulations,num_observation,algorithm,EMDP2
1000,7,SNPE,1.669202130853528
2000,7,SNPE,1.0646785294861785
3000,7,SNPE,0.7551599820817422
4000,7,SNPE,0.6867696271291532
5000,7,SNPE,0.7207015170231703
6000,7,SNPE,0.6629224248576241
7000,7,SNPE,0.6168781866251364
8000,7,SNPE,0.5926044622528934
9000,7,SNPE,0.6178955227947038
10000,7,SNPE,0.598242463668052
