num_simulations,num_observation,algorithm,MMD
1000,7,SNPE,0.22269803285598755
2000,7,SNPE,0.13908624649047852
3000,7,SNPE,0.03493630886077881
4000,7,SNPE,0.024892807006835938
5000,7,SNPE,0.03513932228088379
6000,7,SNPE,0.02546703815460205
7000,7,SNPE,0.007998347282409668
8000,7,SNPE,0.007828593254089355
9000,7,SNPE,0.01623225212097168
10000,7,SNPE,0.016415834426879883
