num_simulations,num_observation,algorithm,C2ST
10000,1,SNPE,0.9542999863624573
20000,1,SNPE,0.9626500010490417
30000,1,SNPE,0.8267999887466431
40000,1,SNPE,0.765999972820282
