num_simulations,num_observation,algorithm,EMDP2
10000,1,SNPE,1.966959997734192
20000,1,SNPE,1.9894552628124338
30000,1,SNPE,1.0228882629776177
40000,1,SNPE,0.8241016577813521
