num_simulations,num_observation,algorithm,MMD
10000,1,SNPE,0.3784843683242798
20000,1,SNPE,0.426623672246933
30000,1,SNPE,0.1734391450881958
40000,1,SNPE,0.0966525673866272
