num_simulations,num_observation,algorithm,C2ST
4000,1,SNPE,0.7373999953269958
8000,1,SNPE,0.7023000121116638
12000,1,SNPE,0.7000499963760376
16000,1,SNPE,0.6730999946594238
20000,1,SNPE,0.6769499778747559
24000,1,SNPE,0.73089998960495
28000,1,SNPE,0.7416499853134155
32000,1,SNPE,0.7107499837875366
36000,1,SNPE,0.699400007724762
40000,1,SNPE,0.7361500263214111
