num_simulations,num_observation,algorithm,EMDP2
4000,1,SNPE,0.3654998206712433
8000,1,SNPE,0.42835936303637895
12000,1,SNPE,0.43972051388467387
16000,1,SNPE,0.42238094078976446
20000,1,SNPE,0.42562481302522726
24000,1,SNPE,0.41388339347247094
28000,1,SNPE,0.40579300973157173
32000,1,SNPE,0.41626649580077313
36000,1,SNPE,0.38894330810852656
40000,1,SNPE,0.409949608500201
