num_simulations,num_observation,algorithm,MMD
4000,1,SNPE,0.0031194686889648438
8000,1,SNPE,0.0047910213470458984
12000,1,SNPE,0.0053871870040893555
16000,1,SNPE,0.004739522933959961
20000,1,SNPE,0.004983782768249512
24000,1,SNPE,0.004107475280761719
28000,1,SNPE,0.0037633180618286133
32000,1,SNPE,0.00400233268737793
36000,1,SNPE,0.003023862838745117
40000,1,SNPE,0.0039293766021728516
