num_simulations,num_observation,algorithm,C2ST
20000,1,SNLE,0.8390499949455261
40000,1,SNLE,0.6187999844551086
60000,1,SNLE,0.5971999764442444
80000,1,SNLE,0.5799499750137329
