num_simulations,num_observation,algorithm,EMDP2
20000,1,SNLE,1.8065653628795595
40000,1,SNLE,0.7023236538943257
60000,1,SNLE,1.0215611661493211
80000,1,SNLE,0.7835694914175038
