num_simulations,num_observation,algorithm,MMD
20000,1,SNLE,0.018542170524597168
40000,1,SNLE,0.0006890296936035156
60000,1,SNLE,0.0017726421356201172
80000,1,SNLE,0.0007257461547851562
