num_simulations,num_observation,algorithm,C2ST
10000,1,SNLE,0.8422999978065491
20000,1,SNLE,0.8828999996185303
30000,1,SNLE,0.8734999895095825
40000,1,SNLE,0.8916000127792358