num_simulations,num_observation,algorithm,EMDP2
10000,1,SNLE,0.8122323900358239
20000,1,SNLE,1.2394678177913898
30000,1,SNLE,1.1251825575321195
40000,1,SNLE,0.8932948884004642
