num_simulations,num_observation,algorithm,MMD
10000,1,SNLE,0.037958621978759766
20000,1,SNLE,0.1220247745513916
30000,1,SNLE,0.09215593338012695
40000,1,SNLE,0.04276442527770996
