num_simulations,num_observation,algorithm,C2ST
2500,7,SNLE,0.8123499751091003
5000,7,SNLE,0.8083000183105469
7500,7,SNLE,0.714900016784668
10000,7,SNLE,0.6618000268936157
