num_simulations,num_observation,algorithm,C2ST
10000,1,JASS,0.9197999835014343
20000,1,JASS,0.85794997215271
30000,1,JASS,0.7902500033378601
40000,1,JASS,0.7539499998092651
