num_simulations,num_observation,algorithm,EMDP2
10000,1,JASS,1.4552092169631057
20000,1,JASS,0.27343276335835975
30000,1,JASS,0.1937097542267818
40000,1,JASS,0.17240924935998866
