num_simulations,num_observation,algorithm,MMD
10000,1,JASS,0.40274640917778015
20000,1,JASS,0.07802492380142212
30000,1,JASS,0.08126729726791382
40000,1,JASS,0.06287580728530884
