num_simulations,num_observation,algorithm,C2ST
2500,1,SNLE,0.9823499917984009
5000,1,SNLE,0.9310500025749207
7500,1,SNLE,0.90420001745224
10000,1,SNLE,0.9763500094413757
