num_simulations,num_observation,algorithm,EMDP2
2500,1,SNLE,2.0927484621206447
5000,1,SNLE,1.0717558629354424
7500,1,SNLE,1.1825783088056614
10000,1,SNLE,2.75265620372368
