num_simulations,num_observation,algorithm,MMD
2500,1,SNLE,0.33146560192108154
5000,1,SNLE,0.07771992683410645
7500,1,SNLE,0.07796704769134521
10000,1,SNLE,0.5723153948783875
