num_simulations,num_observation,algorithm,C2ST
2500,4,JASS,0.5665000081062317
5000,4,JASS,0.5304999947547913
7500,4,JASS,0.541700005531311
10000,4,JASS,0.5268999934196472
