num_simulations,num_observation,algorithm,EMDP2
2500,4,JASS,0.12882685536673982
5000,4,JASS,0.06629955018130758
7500,4,JASS,0.18652028225917594
10000,4,JASS,0.1812598487984716
