num_simulations,num_observation,algorithm,MMD
2500,4,JASS,0.002524077892303467
5000,4,JASS,0.0009229183197021484
7500,4,JASS,0.0025818347930908203
10000,4,JASS,0.002209305763244629
