num_simulations,num_observation,algorithm,C2ST
10000,1,SNPE,0.9642000198364258
20000,1,SNPE,0.9483500123023987
30000,1,SNPE,0.784850001335144
40000,1,SNPE,0.7965499758720398
