num_simulations,num_observation,algorithm,EMDP2
10000,1,SNPE,2.024430275069367
20000,1,SNPE,1.8829364756550473
30000,1,SNPE,0.4236524769868803
40000,1,SNPE,0.33229384456706595
