num_simulations,num_observation,algorithm,MMD
10000,1,SNPE,0.41580694913864136
20000,1,SNPE,0.38058707118034363
30000,1,SNPE,0.06482070684432983
40000,1,SNPE,0.04482603073120117
