num_simulations,num_observation,algorithm,C2ST
10000,1,SNLE,0.8364499807357788
20000,1,SNLE,0.7943000197410583
30000,1,SNLE,0.7127500176429749
40000,1,SNLE,0.6539999842643738
