num_simulations,num_observation,algorithm,EMDP2
10000,1,SNLE,0.5414806158393314
20000,1,SNLE,0.43441379625787124
30000,1,SNLE,0.20459584457822622
40000,1,SNLE,0.11555263783747738
