num_simulations,num_observation,algorithm,MMD
10000,1,SNLE,0.23587912321090698
20000,1,SNLE,0.2082613706588745
30000,1,SNLE,0.05846142768859863
40000,1,SNLE,0.014323949813842773
