num_simulations,num_observation,algorithm,C2ST
10000,1,SNPE,0.7280499935150146
20000,1,SNPE,0.7789499759674072
30000,1,SNPE,0.8128499984741211
40000,1,SNPE,0.8148000240325928
