num_simulations,num_observation,algorithm,EMDP2
10000,1,SNPE,0.3683150844183462
20000,1,SNPE,0.4615127444770786
30000,1,SNPE,0.44226184106106
40000,1,SNPE,0.4418379788047765
