num_simulations,num_observation,algorithm,MMD
10000,1,SNPE,0.0030744075775146484
20000,1,SNPE,0.004070878028869629
30000,1,SNPE,0.003931879997253418
40000,1,SNPE,0.004308104515075684
