num_simulations,num_observation,algorithm,C2ST
10000,1,SNPE,0.8743000030517578
20000,1,SNPE,0.8366000056266785
30000,1,SNPE,0.8308500051498413
40000,1,SNPE,0.7935500144958496
