num_simulations,num_observation,algorithm,EMDP2
10000,1,SNPE,0.7075522235634346
20000,1,SNPE,0.5466316271275617
30000,1,SNPE,0.500109773827835
40000,1,SNPE,0.5049657877333984
