num_simulations,num_observation,algorithm,MMD
10000,1,SNPE,0.1353885531425476
20000,1,SNPE,0.07180756330490112
30000,1,SNPE,0.06194716691970825
40000,1,SNPE,0.04426860809326172
