num_simulations,num_observation,algorithm,EMDP2
5000,6,SEMPLE,1.2275055855009016
10000,6,SEMPLE,0.5600194628890962
