num_simulations,num_observation,algorithm,C2ST
10000,1,SNPE,0.95660001039505
20000,1,SNPE,0.9007999897003174
30000,1,SNPE,0.8167999982833862
40000,1,SNPE,0.7991499900817871
