num_simulations,num_observation,algorithm,EMDP2
10000,1,SNPE,1.852164910043409
20000,1,SNPE,1.1541819524645986
30000,1,SNPE,0.5875503243132026
40000,1,SNPE,0.2710550106368923
