num_simulations,num_observation,algorithm,MMD
10000,1,SNPE,0.41095298528671265
20000,1,SNPE,0.20452582836151123
30000,1,SNPE,0.0753713846206665
40000,1,SNPE,0.05509960651397705
