num_simulations,num_observation,algorithm,C2ST
2500,1,SEMPLE,0.7035999894142151
5000,1,SEMPLE,0.6708999872207642
7500,1,SEMPLE,0.6151000261306763
10000,1,SEMPLE,0.6029000282287598
