num_simulations,num_observation,algorithm,EMDP2
2500,1,SEMPLE,0.749352565049456
5000,1,SEMPLE,0.3894076315248334
7500,1,SEMPLE,0.4118141134851229
10000,1,SEMPLE,0.3690449036396032
