num_simulations,num_observation,algorithm,MMD
2500,1,SEMPLE,0.014906883239746094
5000,1,SEMPLE,0.004664301872253418
7500,1,SEMPLE,0.005163311958312988
10000,1,SEMPLE,0.003740549087524414
