num_simulations,num_observation,algorithm,C2ST
20000,8,SNPE,0.8902999758720398
40000,8,SNPE,0.8377500176429749
60000,8,SNPE,0.8004500269889832
80000,8,SNPE,0.7350999712944031
