num_simulations,num_observation,algorithm,EMDP2
20000,8,SNPE,2.0768127223864914
40000,8,SNPE,1.3144599146795322
60000,8,SNPE,1.1402211901282984
80000,8,SNPE,0.8222587446277017
