num_simulations,num_observation,algorithm,MMD
20000,8,SNPE,0.04795634746551514
40000,8,SNPE,0.008233428001403809
60000,8,SNPE,0.008855819702148438
80000,8,SNPE,0.0017116069793701172
