num_simulations,num_observation,algorithm,EMDP2
2500,2,SNPE,0.23919965574157362
5000,2,SNPE,0.3050949926492507
7500,2,SNPE,0.27473547559300937
10000,2,SNPE,0.14080702379970336
