num_simulations,num_observation,algorithm,MMD
2500,2,SNPE,0.0005095005035400391
5000,2,SNPE,0.0015153884887695312
7500,2,SNPE,0.0011827945709228516
10000,2,SNPE,8.690357208251953e-05
