num_simulations,num_observation,algorithm,C2ST
10000,1,SNPE,0.7278500199317932
20000,1,SNPE,0.7282500267028809
30000,1,SNPE,0.7404500246047974
40000,1,SNPE,0.7695000171661377
