num_simulations,num_observation,algorithm,EMDP2
10000,1,SNPE,0.42507894304953064
20000,1,SNPE,0.4353972039162722
30000,1,SNPE,0.4314138987715872
40000,1,SNPE,0.4314881430766202
