num_simulations,num_observation,algorithm,MMD
10000,1,SNPE,0.0048340559005737305
20000,1,SNPE,0.0064389705657958984
30000,1,SNPE,0.005317807197570801
40000,1,SNPE,0.004389762878417969