num_simulations,num_observation,algorithm,C2ST
2500,8,SNLE,0.9378499984741211
5000,8,SNLE,0.919950008392334
7500,8,SNLE,0.9245499968528748
10000,8,SNLE,0.9215999841690063
