num_simulations,num_observation,algorithm,EMDP2
2500,8,SNLE,0.3858919198986786
5000,8,SNLE,0.15489010956489482
7500,8,SNLE,0.19123572060328617
10000,8,SNLE,0.17949469317431713
