num_simulations,num_observation,algorithm,MMD
2500,8,SNLE,0.2177959680557251
5000,8,SNLE,0.067954421043396
7500,8,SNLE,0.10716372728347778
10000,8,SNLE,0.09675604104995728
