num_simulations,num_observation,algorithm,C2ST
1000,2,SNLE,0.6146500110626221
2000,2,SNLE,0.6017000079154968
3000,2,SNLE,0.5964000225067139
4000,2,SNLE,0.5947999954223633
5000,2,SNLE,0.6154000163078308
6000,2,SNLE,0.5939499735832214
7000,2,SNLE,0.575950026512146
8000,2,SNLE,0.5914999842643738
9000,2,SNLE,0.57464998960495
10000,2,SNLE,0.5819500088691711
