num_simulations,num_observation,algorithm,EMDP2
1000,2,SNLE,0.9572175630927863
2000,2,SNLE,0.9562524774727339
3000,2,SNLE,0.8700384386655342
4000,2,SNLE,0.9715973188179247
5000,2,SNLE,0.993392914363625
6000,2,SNLE,0.9588052765425142
7000,2,SNLE,0.8486470318464739
8000,2,SNLE,0.8382708691898609
9000,2,SNLE,0.73566578404075
10000,2,SNLE,0.7541831398716329
