num_simulations,num_observation,algorithm,MMD
1000,2,SNLE,0.022245168685913086
2000,2,SNLE,0.030375957489013672
3000,2,SNLE,0.0412214994430542
4000,2,SNLE,0.05504131317138672
5000,2,SNLE,0.06686580181121826
6000,2,SNLE,0.05593311786651611
7000,2,SNLE,0.04529273509979248
8000,2,SNLE,0.04793977737426758
9000,2,SNLE,0.03165256977081299
10000,2,SNLE,0.03766441345214844
