num_simulations,num_observation,algorithm,C2ST
4000,1,SNPE,0.955299973487854
8000,1,SNPE,0.9485999941825867
12000,1,SNPE,0.9226499795913696
16000,1,SNPE,0.8906999826431274
20000,1,SNPE,0.8285999894142151
24000,1,SNPE,0.7742000222206116
28000,1,SNPE,0.7856000065803528
32000,1,SNPE,0.7741000056266785
36000,1,SNPE,0.751800000667572
40000,1,SNPE,0.7405499815940857
