num_simulations,num_observation,algorithm,EMDP2
4000,1,SNPE,1.9030404514804296
8000,1,SNPE,1.8362042765904032
12000,1,SNPE,1.578924876060484
16000,1,SNPE,1.3686645416669367
20000,1,SNPE,0.9716252364417955
24000,1,SNPE,0.7620817462324694
28000,1,SNPE,0.6142370383926782
32000,1,SNPE,0.6216205574130352
36000,1,SNPE,0.5044288676080162
40000,1,SNPE,0.47811529415674575
