num_simulations,num_observation,algorithm,MMD
4000,1,SNPE,0.38597792387008667
8000,1,SNPE,0.3769221901893616
12000,1,SNPE,0.3088533878326416
16000,1,SNPE,0.249642014503479
20000,1,SNPE,0.13013577461242676
24000,1,SNPE,0.07796281576156616
28000,1,SNPE,0.05388963222503662
32000,1,SNPE,0.05611860752105713
36000,1,SNPE,0.03775984048843384
40000,1,SNPE,0.02623116970062256
