num_simulations,num_observation,algorithm,C2ST
2500,1,SNPE,0.767549991607666
5000,1,SNPE,0.7526000142097473
7500,1,SNPE,0.7399500012397766
10000,1,SNPE,0.7415500283241272
