num_simulations,num_observation,algorithm,EMDP2
2500,1,SNPE,0.28986959124064626
5000,1,SNPE,0.32028848364623125
7500,1,SNPE,0.37919275363306415
10000,1,SNPE,0.4040803686840563
