num_simulations,num_observation,algorithm,MMD
2500,1,SNPE,0.0009183883666992188
5000,1,SNPE,0.0028128623962402344
7500,1,SNPE,0.0029861927032470703
10000,1,SNPE,0.0023730993270874023
