num_simulations,num_observation,algorithm,C2ST
4000,1,SNLE,0.8298500180244446
8000,1,SNLE,0.7774500250816345
12000,1,SNLE,0.7300000190734863
16000,1,SNLE,0.7286499738693237
20000,1,SNLE,0.6956499814987183
24000,1,SNLE,0.683650016784668
28000,1,SNLE,0.7286999821662903
32000,1,SNLE,0.661549985408783
36000,1,SNLE,0.6869000196456909
40000,1,SNLE,0.6858000159263611
