num_simulations,num_observation,algorithm,EMDP2
4000,1,SNLE,0.18981256977124444
8000,1,SNLE,0.1755669452270718
12000,1,SNLE,0.14061536117313056
16000,1,SNLE,0.1353360899594318
20000,1,SNLE,0.13162254376588672
24000,1,SNLE,0.14832878485030115
28000,1,SNLE,0.1940986013655926
32000,1,SNLE,0.17590341924132452
36000,1,SNLE,0.20665202469690508
40000,1,SNLE,0.20273288546719695
