num_simulations,num_observation,algorithm,MMD
4000,1,SNLE,0.07996374368667603
8000,1,SNLE,0.05971992015838623
12000,1,SNLE,0.03593909740447998
16000,1,SNLE,0.03531777858734131
20000,1,SNLE,0.028772830963134766
24000,1,SNLE,0.04065573215484619
28000,1,SNLE,0.06719028949737549
32000,1,SNLE,0.054303765296936035
36000,1,SNLE,0.08661353588104248
40000,1,SNLE,0.08653414249420166
