num_simulations,num_observation,algorithm,C2ST
2500,1,SEMPLE,0.669700026512146
5000,1,SEMPLE,0.638949990272522
7500,1,SEMPLE,0.642300009727478
10000,1,SEMPLE,0.6168500185012817
