num_simulations,num_observation,algorithm,EMDP2
2500,1,SEMPLE,0.6945219624900434
5000,1,SEMPLE,0.4728005793536321
7500,1,SEMPLE,0.37903337384919955
10000,1,SEMPLE,0.24020699626531625
