num_simulations,num_observation,algorithm,MMD
2500,1,SEMPLE,0.022827744483947754
5000,1,SEMPLE,0.005491733551025391
7500,1,SEMPLE,0.0030056238174438477
10000,1,SEMPLE,0.0006998777389526367
