num_simulations,num_observation,algorithm,EMDP2
2500,3,SNPE,0.09296802092921297
5000,3,SNPE,0.08743970565211046
7500,3,SNPE,0.08853374409679464
10000,3,SNPE,0.08491018617019348
