num_simulations,num_observation,algorithm,MMD
2500,3,SNPE,0.001734614372253418
5000,3,SNPE,0.001096963882446289
7500,3,SNPE,0.0012555122375488281
10000,3,SNPE,0.0005207061767578125
