num_simulations,num_observation,algorithm,MMD
5000,1,SEMPLE,0.0387953519821167
10000,1,SEMPLE,0.006839632987976074
