num_simulations,num_observation,algorithm,C2ST
1000,1,SNPE,0.7896000146865845
2000,1,SNPE,0.7908999919891357
3000,1,SNPE,0.7981500029563904
4000,1,SNPE,0.7486500144004822
5000,1,SNPE,0.7224500179290771
6000,1,SNPE,0.7450000047683716
7000,1,SNPE,0.7458500266075134
8000,1,SNPE,0.7597500085830688
9000,1,SNPE,0.7451500296592712
10000,1,SNPE,0.7534999847412109
