num_simulations,num_observation,algorithm,EMDP2
1000,1,SNPE,0.34740607121351785
2000,1,SNPE,0.3941479681803512
3000,1,SNPE,0.4180314699817582
4000,1,SNPE,0.4444104354166405
5000,1,SNPE,0.4405159928462228
6000,1,SNPE,0.42650927734397687
7000,1,SNPE,0.42951564865587083
8000,1,SNPE,0.3894244172309488
9000,1,SNPE,0.38863695393954356
10000,1,SNPE,0.37648575431774
