num_simulations,num_observation,algorithm,MMD
1000,1,SNPE,0.003143787384033203
2000,1,SNPE,0.004657387733459473
3000,1,SNPE,0.005341649055480957
4000,1,SNPE,0.006623268127441406
5000,1,SNPE,0.006265044212341309
6000,1,SNPE,0.005660653114318848
7000,1,SNPE,0.005812883377075195
8000,1,SNPE,0.004135012626647949
9000,1,SNPE,0.004270672798156738
10000,1,SNPE,0.0041130781173706055
