num_simulations,num_observation,algorithm,C2ST
1000,6,SNLE,0.6747999787330627
2000,6,SNLE,0.6708499789237976
3000,6,SNLE,0.6453999876976013
4000,6,SNLE,0.6485999822616577
5000,6,SNLE,0.6468499898910522
6000,6,SNLE,0.6248999834060669
7000,6,SNLE,0.6380500197410583
8000,6,SNLE,0.5924999713897705
9000,6,SNLE,0.5849000215530396
10000,6,SNLE,0.5845500230789185
