num_simulations,num_observation,algorithm,C2ST
1000,10,SNLE,0.6516000032424927
2000,10,SNLE,0.5809999704360962
3000,10,SNLE,0.5641000270843506
4000,10,SNLE,0.5555499792098999
5000,10,SNLE,0.5509999990463257
6000,10,SNLE,0.5590000152587891
7000,10,SNLE,0.5643500089645386
8000,10,SNLE,0.5587999820709229
9000,10,SNLE,0.5659999847412109
10000,10,SNLE,0.5562499761581421
