num_simulations,num_observation,algorithm,EMDP2
1000,10,SNLE,0.47472622079390847
2000,10,SNLE,0.4525422350763639
3000,10,SNLE,0.4540855661665289
4000,10,SNLE,0.4518567529742262
5000,10,SNLE,0.44527408011737407
6000,10,SNLE,0.4562737856044776
7000,10,SNLE,0.4528576634957225
8000,10,SNLE,0.46185648928499246
9000,10,SNLE,0.4664440119887946
10000,10,SNLE,0.4578068469353503
