num_simulations,num_observation,algorithm,MMD
1000,10,SNLE,0.01983654499053955
2000,10,SNLE,0.01072680950164795
3000,10,SNLE,0.013547062873840332
4000,10,SNLE,0.013443827629089355
5000,10,SNLE,0.010376572608947754
6000,10,SNLE,0.01396489143371582
7000,10,SNLE,0.013016939163208008
8000,10,SNLE,0.015546560287475586
9000,10,SNLE,0.017128348350524902
10000,10,SNLE,0.014621257781982422
