num_simulations,num_observation,algorithm,C2ST
1000,1,SNLE,0.9939500093460083
2000,1,SNLE,0.9285500049591064
3000,1,SNLE,0.9169999957084656
4000,1,SNLE,0.9282000064849854
5000,1,SNLE,0.9541000127792358
6000,1,SNLE,0.9815999865531921
7000,1,SNLE,0.9875500202178955
8000,1,SNLE,0.9937499761581421
9000,1,SNLE,0.9975500106811523
10000,1,SNLE,0.9564999938011169
