num_simulations,num_observation,algorithm,EMDP2
1000,1,SNLE,2.821632085187185
2000,1,SNLE,1.792880166694798
3000,1,SNLE,1.8528534590763588
4000,1,SNLE,1.933348586369455
5000,1,SNLE,2.241164231045652
6000,1,SNLE,2.079060137382946
7000,1,SNLE,2.2941970585772675
8000,1,SNLE,2.60069240088231
9000,1,SNLE,2.7923767387528042
10000,1,SNLE,1.8924262094196922
