num_simulations,num_observation,algorithm,MMD
1000,1,SNLE,0.5789103507995605
2000,1,SNLE,0.256050705909729
3000,1,SNLE,0.28995347023010254
4000,1,SNLE,0.31288278102874756
5000,1,SNLE,0.41537535190582275
6000,1,SNLE,0.3353078365325928
7000,1,SNLE,0.41866135597229004
8000,1,SNLE,0.535336971282959
9000,1,SNLE,0.6147004961967468
10000,1,SNLE,0.2064945101737976
