num_simulations,num_observation,algorithm,C2ST
10000,1,SNLE,0.8852499723434448
20000,1,SNLE,0.9016000032424927
30000,1,SNLE,0.8521000146865845
40000,1,SNLE,0.8403499722480774
