num_simulations,num_observation,algorithm,EMDP2
10000,1,SNLE,1.0038307878841182
20000,1,SNLE,1.2718784324127108
30000,1,SNLE,0.8262276638466595
40000,1,SNLE,0.8087703406806185
