num_simulations,num_observation,algorithm,MMD
10000,1,SNLE,0.06361043453216553
20000,1,SNLE,0.10997605323791504
30000,1,SNLE,0.039612531661987305
40000,1,SNLE,0.03685915470123291
