num_simulations,num_observation,algorithm,C2ST
2500,1,SNLE,0.9688000082969666
5000,1,SNLE,0.9670000076293945
7500,1,SNLE,0.8986499905586243
10000,1,SNLE,0.899150013923645
