num_simulations,num_observation,algorithm,EMDP2
2500,1,SNLE,2.0034426196612527
5000,1,SNLE,2.1949502076024126
7500,1,SNLE,1.1896613669822467
10000,1,SNLE,1.5773086889143608
