num_simulations,num_observation,algorithm,MMD
2500,1,SNLE,0.2959941029548645
5000,1,SNLE,0.37030351161956787
7500,1,SNLE,0.0960620641708374
10000,1,SNLE,0.18769919872283936
