num_simulations,num_observation,algorithm,EMDP2
5000,4,SNLE,0.8017743771926864
10000,4,SNLE,0.6749598631982835
