num_simulations,num_observation,algorithm,EMDP2
5000,3,SNPE,1.3702611214673512
10000,3,SNPE,1.1512119558507419
