num_simulations,num_observation,algorithm,MMD
5000,3,SNPE,0.16786623001098633
10000,3,SNPE,0.1289287805557251
