num_simulations,num_observation,algorithm,C2ST
1000,1,SNLE,0.9926499724388123
2000,1,SNLE,0.9986500144004822
3000,1,SNLE,0.9846500158309937
4000,1,SNLE,0.9815000295639038
5000,1,SNLE,0.972100019454956
6000,1,SNLE,0.9754999876022339
7000,1,SNLE,0.9369999766349792
8000,1,SNLE,0.9998999834060669
9000,1,SNLE,0.9998499751091003
10000,1,SNLE,1.0
