num_simulations,num_observation,algorithm,EMDP2
1000,1,SNLE,2.1559353273105226
2000,1,SNLE,3.1980550526570743
3000,1,SNLE,3.1294746566856837
4000,1,SNLE,3.098073836140127
5000,1,SNLE,2.8673948601474244
6000,1,SNLE,2.936213441650462
7000,1,SNLE,1.9942031113536602
8000,1,SNLE,2.3921508334130768
9000,1,SNLE,2.372473041775035
10000,1,SNLE,2.4932404447031113
