num_simulations,num_observation,algorithm,MMD
1000,1,SNLE,0.3069238066673279
2000,1,SNLE,0.7687506675720215
3000,1,SNLE,0.7455995678901672
4000,1,SNLE,0.735689103603363
5000,1,SNLE,0.6524693369865417
6000,1,SNLE,0.677014172077179
7000,1,SNLE,0.3137400150299072
8000,1,SNLE,0.4515024423599243
9000,1,SNLE,0.44403278827667236
10000,1,SNLE,0.47892820835113525
