num_simulations,num_observation,algorithm,C2ST
20000,7,SNLE,0.8715999722480774
40000,7,SNLE,0.7349500060081482
60000,7,SNLE,0.6460999846458435
80000,7,SNLE,0.6179999709129333
