num_simulations,num_observation,algorithm,EMDP2
20000,7,SNLE,3.123635833553122
40000,7,SNLE,1.305913695690042
60000,7,SNLE,1.2373660294807656
80000,7,SNLE,1.0505075568563969
