num_simulations,num_observation,algorithm,MMD
20000,7,SNLE,0.08218681812286377
40000,7,SNLE,0.010450959205627441
60000,7,SNLE,0.003929853439331055
80000,7,SNLE,0.0024434328079223633
