num_simulations,num_observation,algorithm,C2ST
20000,1,JASS,0.9829000234603882
40000,1,JASS,0.988349974155426
60000,1,JASS,0.9886500239372253
80000,1,JASS,0.9863499999046326
