num_simulations,num_observation,algorithm,EMDP2
20000,1,JASS,3.355149134783872
40000,1,JASS,3.3536608890352007
60000,1,JASS,3.4309158608251793
80000,1,JASS,3.3116863657263806
