num_simulations,num_observation,algorithm,MMD
20000,1,JASS,0.1325017213821411
40000,1,JASS,0.12549829483032227
60000,1,JASS,0.13625895977020264
80000,1,JASS,0.12140321731567383
