num_simulations,num_observation,algorithm,MMD
1000,9,SNLE,0.0025365352630615234
2000,9,SNLE,0.001567244529724121
3000,9,SNLE,0.001401662826538086
4000,9,SNLE,0.001291811466217041
5000,9,SNLE,0.00116652250289917
6000,9,SNLE,0.0012845396995544434
7000,9,SNLE,0.0012054443359375
8000,9,SNLE,0.0008735060691833496
9000,9,SNLE,0.0009368658065795898
10000,9,SNLE,0.0008764863014221191
