num_simulations,num_observation,algorithm,C2ST
1000,1,SNLE,0.9958000183105469
2000,1,SNLE,0.9948999881744385
3000,1,SNLE,0.9734500050544739
4000,1,SNLE,0.982200026512146
5000,1,SNLE,0.9729499816894531
6000,1,SNLE,0.9701499938964844
7000,1,SNLE,0.963949978351593
8000,1,SNLE,0.9660999774932861
9000,1,SNLE,0.9635999798774719
10000,1,SNLE,0.948199987411499
