num_simulations,num_observation,algorithm,EMDP2
1000,1,SNLE,2.3476068772963767
2000,1,SNLE,2.3590324487871155
3000,1,SNLE,1.475969035087645
4000,1,SNLE,1.6966689324119293
5000,1,SNLE,1.6533351911672156
6000,1,SNLE,1.8973513026290478
7000,1,SNLE,1.9045039899657936
8000,1,SNLE,1.9098779437488325
9000,1,SNLE,1.927608439926896
10000,1,SNLE,1.9281174276255464
