num_simulations,num_observation,algorithm,MMD
1000,1,SNLE,0.33920252323150635
2000,1,SNLE,0.4373856782913208
3000,1,SNLE,0.1389373540878296
4000,1,SNLE,0.16819089651107788
5000,1,SNLE,0.12577706575393677
6000,1,SNLE,0.21547675132751465
7000,1,SNLE,0.22542500495910645
8000,1,SNLE,0.22843122482299805
9000,1,SNLE,0.23648500442504883
10000,1,SNLE,0.23895752429962158
