num_simulations,num_observation,algorithm,C2ST
1000,8,SNLE,0.6852999925613403
2000,8,SNLE,0.6873000264167786
3000,8,SNLE,0.6814000010490417
4000,8,SNLE,0.661050021648407
5000,8,SNLE,0.6507999897003174
6000,8,SNLE,0.6600499749183655
7000,8,SNLE,0.6521000266075134
8000,8,SNLE,0.6326000094413757
9000,8,SNLE,0.689300000667572
10000,8,SNLE,0.6764000058174133
