num_simulations,num_observation,algorithm,EMDP2
1000,8,SNLE,0.04270164351844355
2000,8,SNLE,0.03457879635791724
3000,8,SNLE,0.029634818284845234
4000,8,SNLE,0.030369023640640935
5000,8,SNLE,0.03637351364048419
6000,8,SNLE,0.03260794734064648
7000,8,SNLE,0.03588951809294204
8000,8,SNLE,0.03479484994169509
9000,8,SNLE,0.04445875172721108
10000,8,SNLE,0.03719283127676731
