num_simulations,num_observation,algorithm,C2ST
20000,7,SNPE,0.9391499757766724
40000,7,SNPE,0.8867999911308289
60000,7,SNPE,0.7718999981880188
80000,7,SNPE,0.7310500144958496
