num_simulations,num_observation,algorithm,EMDP2
20000,7,SNPE,3.0213898131863393
40000,7,SNPE,1.534318828801318
60000,7,SNPE,1.07856307984335
80000,7,SNPE,1.0622793490183386
