num_simulations,num_observation,algorithm,MMD
20000,7,SNPE,0.13724565505981445
40000,7,SNPE,0.019057154655456543
60000,7,SNPE,0.0017812252044677734
80000,7,SNPE,0.0013440847396850586
