num_simulations,num_observation,algorithm,C2ST
1000,1,SNPE,0.7677000164985657
2000,1,SNPE,0.7569000124931335
3000,1,SNPE,0.7417500019073486
4000,1,SNPE,0.6985999941825867
5000,1,SNPE,0.6947500109672546
6000,1,SNPE,0.6981499791145325
7000,1,SNPE,0.6843500137329102
8000,1,SNPE,0.7046999931335449
9000,1,SNPE,0.6858000159263611
10000,1,SNPE,0.7076500058174133
