num_simulations,num_observation,algorithm,EMDP2
1000,1,SNPE,0.32519464053644087
2000,1,SNPE,0.3661064796264916
3000,1,SNPE,0.41591499963823103
4000,1,SNPE,0.3863711862696466
5000,1,SNPE,0.3892600690241516
6000,1,SNPE,0.3934640060462703
7000,1,SNPE,0.38700692252216956
8000,1,SNPE,0.3640769792254941
9000,1,SNPE,0.33239607166229146
10000,1,SNPE,0.32293837956067395
