num_simulations,num_observation,algorithm,MMD
1000,1,SNPE,0.0023920536041259766
2000,1,SNPE,0.0036774873733520508
3000,1,SNPE,0.0048798322677612305
4000,1,SNPE,0.003497004508972168
5000,1,SNPE,0.003290414810180664
6000,1,SNPE,0.003708362579345703
7000,1,SNPE,0.003462672233581543
8000,1,SNPE,0.002599954605102539
9000,1,SNPE,0.0022867918014526367
10000,1,SNPE,0.0019248723983764648
