num_simulations,num_observation,algorithm,C2ST
1000,1,SNPE,0.7938500046730042
2000,1,SNPE,0.7806000113487244
3000,1,SNPE,0.7685999870300293
4000,1,SNPE,0.7688999772071838
5000,1,SNPE,0.7775999903678894
6000,1,SNPE,0.7721999883651733
7000,1,SNPE,0.7855499982833862
8000,1,SNPE,0.7871999740600586
9000,1,SNPE,0.7775499820709229
10000,1,SNPE,0.76214998960495
