num_simulations,num_observation,algorithm,EMDP2
1000,1,SNPE,0.3269515949752187
2000,1,SNPE,0.3944060046894938
3000,1,SNPE,0.46697320573229145
4000,1,SNPE,0.47631922984959535
5000,1,SNPE,0.5443580146276915
6000,1,SNPE,0.5082307143533645
7000,1,SNPE,0.47124204872612585
8000,1,SNPE,0.4542994752168094
9000,1,SNPE,0.3986192271912343
10000,1,SNPE,0.34801179301818885
