num_simulations,num_observation,algorithm,MMD
1000,1,SNPE,0.00249326229095459
2000,1,SNPE,0.004424929618835449
3000,1,SNPE,0.007745623588562012
4000,1,SNPE,0.007973194122314453
5000,1,SNPE,0.009110212326049805
6000,1,SNPE,0.007123231887817383
7000,1,SNPE,0.005407452583312988
8000,1,SNPE,0.004785895347595215
9000,1,SNPE,0.003979682922363281
10000,1,SNPE,0.002723097801208496
