num_simulations,num_observation,algorithm,EMDP2
1000,3,SNLE,0.05352655699321811
2000,3,SNLE,0.050225385047404494
3000,3,SNLE,0.03189835298854211
4000,3,SNLE,0.031951906404807134
5000,3,SNLE,0.03214522604654929
6000,3,SNLE,0.034530942089630166
7000,3,SNLE,0.08456271712662748
8000,3,SNLE,0.07557475018899819
9000,3,SNLE,0.041731365559287026
10000,3,SNLE,0.045339493405013656
