num_simulations,num_observation,algorithm,MMD
1000,3,SNLE,0.0002613067626953125
2000,3,SNLE,0.00035953521728515625
3000,3,SNLE,0.0001556873321533203
4000,3,SNLE,0.00019538402557373047
5000,3,SNLE,7.510185241699219e-05
6000,3,SNLE,1.5616416931152344e-05
7000,3,SNLE,0.0011028051376342773
8000,3,SNLE,0.0008082389831542969
9000,3,SNLE,6.9141387939453125e-06
10000,3,SNLE,0.00010395050048828125
