num_simulations,num_observation,algorithm,C2ST
10000,1,SNLE,0.998199999332428
20000,1,SNLE,0.9994999766349792
30000,1,SNLE,0.9883000254631042
40000,1,SNLE,0.994350016117096
