num_simulations,num_observation,algorithm,EMDP2
10000,1,SNLE,2.2575875744918235
20000,1,SNLE,2.267924913287911
30000,1,SNLE,2.202364063643571
40000,1,SNLE,2.2579340942206727
