num_simulations,num_observation,algorithm,MMD
10000,1,SNLE,0.41343390941619873
20000,1,SNLE,0.42122066020965576
30000,1,SNLE,0.39503049850463867
40000,1,SNLE,0.41968607902526855
