num_simulations,num_observation,algorithm,C2ST
2500,3,SNPE,0.7229499816894531
5000,3,SNPE,0.7134000062942505
7500,3,SNPE,0.6891000270843506
10000,3,SNPE,0.6601999998092651
