num_simulations,num_observation,algorithm,C2ST
20000,6,JASS,0.9622499942779541
40000,6,JASS,0.9650499820709229
60000,6,JASS,0.958899974822998
80000,6,JASS,0.9538499712944031
