num_simulations,num_observation,algorithm,EMDP2
20000,6,JASS,2.8242409236162453
40000,6,JASS,2.8562819891157525
60000,6,JASS,2.6921725448047797
80000,6,JASS,2.7695853113666904
