num_simulations,num_observation,algorithm,MMD
20000,6,JASS,0.13230884075164795
40000,6,JASS,0.13002097606658936
60000,6,JASS,0.11647212505340576
80000,6,JASS,0.11057162284851074
