num_simulations,num_observation,algorithm,C2ST
1000,2,SNPE,0.7910000085830688
2000,2,SNPE,0.7766500115394592
3000,2,SNPE,0.7226499915122986
4000,2,SNPE,0.7125999927520752
5000,2,SNPE,0.6143500208854675
6000,2,SNPE,0.5985999703407288
7000,2,SNPE,0.5782999992370605
8000,2,SNPE,0.5891000032424927
9000,2,SNPE,0.5813500285148621
10000,2,SNPE,0.5571500062942505
