num_simulations,num_observation,algorithm,EMDP2
1000,2,SNPE,1.313251060369122
2000,2,SNPE,0.8348267699274053
3000,2,SNPE,0.9192094375964334
4000,2,SNPE,1.130835304145195
5000,2,SNPE,0.7266716528429987
6000,2,SNPE,0.6314533964627983
7000,2,SNPE,0.6281057618241835
8000,2,SNPE,0.6227837378147928
9000,2,SNPE,0.5950885240952278
10000,2,SNPE,0.6195655822392784
