num_simulations,num_observation,algorithm,MMD
1000,2,SNPE,0.08716589212417603
2000,2,SNPE,0.027126789093017578
3000,2,SNPE,0.05279827117919922
4000,2,SNPE,0.10954475402832031
5000,2,SNPE,0.01819014549255371
6000,2,SNPE,0.006925821304321289
7000,2,SNPE,0.005926609039306641
8000,2,SNPE,0.011833786964416504
9000,2,SNPE,0.008112549781799316
10000,2,SNPE,0.008635640144348145
