num_simulations,num_observation,algorithm,C2ST
1000,7,SNLE,0.6856499910354614
2000,7,SNLE,0.6563000082969666
3000,7,SNLE,0.6680499911308289
4000,7,SNLE,0.6682500243186951
5000,7,SNLE,0.6962500214576721
6000,7,SNLE,0.6481000185012817
7000,7,SNLE,0.6407999992370605
8000,7,SNLE,0.6679499745368958
9000,7,SNLE,0.6601499915122986
10000,7,SNLE,0.6430000066757202
