num_simulations,num_observation,algorithm,MMD
1000,7,SNLE,0.0008913278579711914
2000,7,SNLE,0.0014095306396484375
3000,7,SNLE,0.0007665157318115234
4000,7,SNLE,0.0007725954055786133
5000,7,SNLE,0.0013682842254638672
6000,7,SNLE,0.0009493827819824219
7000,7,SNLE,0.0004974603652954102
8000,7,SNLE,0.0010843276977539062
9000,7,SNLE,0.0009003877639770508
10000,7,SNLE,0.0008251667022705078
