num_simulations,num_observation,algorithm,C2ST
2500,6,SNLE,0.7683500051498413
5000,6,SNLE,0.6409000158309937
7500,6,SNLE,0.6459500193595886
10000,6,SNLE,0.604200005531311
