num_simulations,num_observation,algorithm,EMDP2
2500,6,SNLE,0.11534266452525613
5000,6,SNLE,0.1514506432334285
7500,6,SNLE,0.07904372470417001
10000,6,SNLE,0.09695562320497145
