num_simulations,num_observation,algorithm,EMDP2
1000,10,SNLE,0.03410051116184419
2000,10,SNLE,0.03526377651860982
3000,10,SNLE,0.03937595010571668
4000,10,SNLE,0.031507582677710644
5000,10,SNLE,0.03116740829911779
6000,10,SNLE,0.03374472472385219
7000,10,SNLE,0.0320163993116896
8000,10,SNLE,0.03424336574412937
9000,10,SNLE,0.037350966065485644
10000,10,SNLE,0.03697790491079152
