num_simulations,num_observation,algorithm,C2ST
4000,1,SNLE,0.7588000297546387
8000,1,SNLE,0.7369999885559082
12000,1,SNLE,0.7450000047683716
16000,1,SNLE,0.6856499910354614
20000,1,SNLE,0.6837499737739563
24000,1,SNLE,0.6922000050544739
28000,1,SNLE,0.6521000266075134
32000,1,SNLE,0.6019999980926514
36000,1,SNLE,0.598800003528595
40000,1,SNLE,0.583050012588501
