num_simulations,num_observation,algorithm,EMDP2
4000,1,SNLE,0.1964778463114504
8000,1,SNLE,0.19351401916627745
12000,1,SNLE,0.1822309561056096
16000,1,SNLE,0.09003629933590956
20000,1,SNLE,0.08796499536900525
24000,1,SNLE,0.08474679739456474
28000,1,SNLE,0.08052041324727066
32000,1,SNLE,0.06603556534722878
36000,1,SNLE,0.07570684862945089
40000,1,SNLE,0.07855068958368258
