num_simulations,num_observation,algorithm,MMD
4000,1,SNLE,0.05920910835266113
8000,1,SNLE,0.05167883634567261
12000,1,SNLE,0.05341154336929321
16000,1,SNLE,0.020880579948425293
20000,1,SNLE,0.01742386817932129
24000,1,SNLE,0.021434664726257324
28000,1,SNLE,0.015264630317687988
32000,1,SNLE,0.00327455997467041
36000,1,SNLE,0.005681753158569336
40000,1,SNLE,0.004319906234741211
