num_simulations,num_observation,algorithm,C2ST
10000,1,JASS,0.9117000102996826
20000,1,JASS,0.94964998960495
30000,1,JASS,0.8673999905586243
40000,1,JASS,0.8870499730110168
