num_simulations,num_observation,algorithm,EMDP2
10000,1,JASS,0.6925596667438372
20000,1,JASS,0.3449900236707844
30000,1,JASS,0.21759875458890518
40000,1,JASS,0.27504601492049735
