num_simulations,num_observation,algorithm,MMD
10000,1,JASS,0.3635294437408447
20000,1,JASS,0.3249419927597046
30000,1,JASS,0.11670869588851929
40000,1,JASS,0.1980014443397522
