num_simulations,num_observation,algorithm,C2ST
5000,7,SNLE,0.5777999758720398
10000,7,SNLE,0.5701000094413757
