num_simulations,num_observation,algorithm,MMD
5000,7,SNLE,0.016075730323791504
10000,7,SNLE,0.028006672859191895
