num_simulations,num_observation,algorithm,C2ST
4000,1,SNPE,0.7202000021934509
8000,1,SNPE,0.6966000199317932
12000,1,SNPE,0.6807500123977661
16000,1,SNPE,0.7052000164985657
20000,1,SNPE,0.7190499901771545
24000,1,SNPE,0.7003999948501587
28000,1,SNPE,0.7160500288009644
32000,1,SNPE,0.7084000110626221
36000,1,SNPE,0.7233499884605408
40000,1,SNPE,0.7290499806404114
