num_simulations,num_observation,algorithm,EMDP2
4000,1,SNPE,0.35818116983074155
8000,1,SNPE,0.4727987843790177
12000,1,SNPE,0.4191283384139003
16000,1,SNPE,0.3973794670562504
20000,1,SNPE,0.37106493996971085
24000,1,SNPE,0.3551884060710243
28000,1,SNPE,0.3293373881831747
32000,1,SNPE,0.3167343146465834
36000,1,SNPE,0.3250211691303776
40000,1,SNPE,0.3315006697452792
