num_simulations,num_observation,algorithm,MMD
4000,1,SNPE,0.0035799741744995117
8000,1,SNPE,0.008360147476196289
12000,1,SNPE,0.00535428524017334
16000,1,SNPE,0.003651857376098633
20000,1,SNPE,0.002780318260192871
24000,1,SNPE,0.002664804458618164
28000,1,SNPE,0.0020265579223632812
32000,1,SNPE,0.0017110109329223633
36000,1,SNPE,0.001825094223022461
40000,1,SNPE,0.0021342039108276367
