num_simulations,num_observation,algorithm,C2ST
5000,9,SEMPLE,0.7559999823570251
10000,9,SEMPLE,0.8910999894142151
