num_simulations,num_observation,algorithm,EMDP2
5000,9,SEMPLE,1.2740230517109448
10000,9,SEMPLE,0.8162856927520035
