num_simulations,num_observation,algorithm,MMD
5000,9,SEMPLE,0.10155487060546875
10000,9,SEMPLE,0.004986405372619629
