num_simulations,num_observation,algorithm,C2ST
1000,4,SNLE,0.784250020980835
2000,4,SNLE,0.6675000190734863
3000,4,SNLE,0.6615999937057495
4000,4,SNLE,0.6273499727249146
5000,4,SNLE,0.6266499757766724
6000,4,SNLE,0.6373000144958496
7000,4,SNLE,0.6310499906539917
8000,4,SNLE,0.6258500218391418
9000,4,SNLE,0.6256999969482422
10000,4,SNLE,0.6211000084877014
