num_simulations,num_observation,algorithm,C2ST
2500,6,SNPE,0.5976999998092651
5000,6,SNPE,0.5582500100135803
7500,6,SNPE,0.5583000183105469
10000,6,SNPE,0.5364000201225281
