num_simulations,num_observation,algorithm,EMDP2
2500,6,SNPE,0.057776256638407436
5000,6,SNPE,0.060213796330059466
7500,6,SNPE,0.06261577019811253
10000,6,SNPE,0.06609961742960761
