num_simulations,num_observation,algorithm,MMD
2500,6,SNPE,9.655952453613281e-05
5000,6,SNPE,-1.621246337890625e-05
7500,6,SNPE,-1.9311904907226562e-05
10000,6,SNPE,6.341934204101562e-05
