num_simulations,num_observation,algorithm,C2ST
20000,2,SNLE,0.8245499730110168
40000,2,SNLE,0.6940000057220459
60000,2,SNLE,0.6346499919891357
80000,2,SNLE,0.5995000004768372
