num_simulations,num_observation,algorithm,EMDP2
20000,2,SNLE,2.421564262768329
40000,2,SNLE,1.2469389056952591
60000,2,SNLE,1.0728123662745321
80000,2,SNLE,0.7290883614512609
