num_simulations,num_observation,algorithm,MMD
20000,2,SNLE,0.038826704025268555
40000,2,SNLE,0.0036982297897338867
60000,2,SNLE,0.001716017723083496
80000,2,SNLE,0.0005875825881958008
