num_simulations,num_observation,algorithm,C2ST
4000,1,SNPE,0.7445999979972839
8000,1,SNPE,0.7225000262260437
12000,1,SNPE,0.7117000222206116
16000,1,SNPE,0.7201499938964844
20000,1,SNPE,0.7111499905586243
24000,1,SNPE,0.7110000252723694
28000,1,SNPE,0.7343500256538391
32000,1,SNPE,0.7441999912261963
36000,1,SNPE,0.7519999742507935
40000,1,SNPE,0.7471500039100647
