num_simulations,num_observation,algorithm,EMDP2
4000,1,SNPE,0.34188498184148014
8000,1,SNPE,0.42059022081290426
12000,1,SNPE,0.4274653736978615
16000,1,SNPE,0.4262310983432228
20000,1,SNPE,0.44515343659921724
24000,1,SNPE,0.4317060593028745
28000,1,SNPE,0.4458537208027447
32000,1,SNPE,0.4461287756147584
36000,1,SNPE,0.40914506142065143
40000,1,SNPE,0.3874751841745709
