num_simulations,num_observation,algorithm,MMD
4000,1,SNPE,0.003028392791748047
8000,1,SNPE,0.004858493804931641
12000,1,SNPE,0.0043332576751708984
16000,1,SNPE,0.0033475160598754883
20000,1,SNPE,0.003849506378173828
24000,1,SNPE,0.0032118558883666992
28000,1,SNPE,0.003889322280883789
32000,1,SNPE,0.0040798187255859375
36000,1,SNPE,0.003368854522705078
40000,1,SNPE,0.0029172897338867188
