num_simulations,num_observation,algorithm,C2ST
20000,5,SNLE,0.7683500051498413
40000,5,SNLE,0.5960000157356262
60000,5,SNLE,0.6174499988555908
80000,5,SNLE,0.572350025177002
