num_simulations,num_observation,algorithm,EMDP2
20000,5,SNLE,1.873369848878371
40000,5,SNLE,1.2012862165336444
60000,5,SNLE,1.6762546130781006
80000,5,SNLE,1.4078744233694533
