num_simulations,num_observation,algorithm,MMD
20000,5,SNLE,0.022409796714782715
40000,5,SNLE,0.0024840831756591797
60000,5,SNLE,0.011345982551574707
80000,5,SNLE,0.004274725914001465
