num_simulations,num_observation,algorithm,C2ST
1000,1,SNLE,0.9947999715805054
2000,1,SNLE,0.9964500069618225
3000,1,SNLE,0.9185000061988831
4000,1,SNLE,0.9284499883651733
5000,1,SNLE,0.9022499918937683
6000,1,SNLE,0.9031500220298767
7000,1,SNLE,0.9057000279426575
8000,1,SNLE,0.9352999925613403
9000,1,SNLE,0.9221000075340271
10000,1,SNLE,0.965499997138977
