num_simulations,num_observation,algorithm,EMDP2
1000,1,SNLE,2.2717436599729077
2000,1,SNLE,2.536414647900899
3000,1,SNLE,2.1896519623409962
4000,1,SNLE,2.226004402337472
5000,1,SNLE,1.5428820406583121
6000,1,SNLE,1.5515853481243829
7000,1,SNLE,1.6516973842587308
8000,1,SNLE,1.5035506060186636
9000,1,SNLE,1.3966722718976068
10000,1,SNLE,1.4540300310731769
