num_simulations,num_observation,algorithm,MMD
1000,1,SNLE,0.39912843704223633
2000,1,SNLE,0.436531126499176
3000,1,SNLE,0.3826547861099243
4000,1,SNLE,0.40301597118377686
5000,1,SNLE,0.18616020679473877
6000,1,SNLE,0.19122648239135742
7000,1,SNLE,0.2206019163131714
8000,1,SNLE,0.13326811790466309
9000,1,SNLE,0.12586534023284912
10000,1,SNLE,0.1257944107055664
