num_simulations,num_observation,algorithm,MMD
2500,9,SNPE,0.008998274803161621
5000,9,SNPE,0.011886179447174072
7500,9,SNPE,0.009875178337097168
10000,9,SNPE,0.011553347110748291
