num_simulations,num_observation,algorithm,C2ST
2500,9,SNLE,0.7886000275611877
5000,9,SNLE,0.7420499920845032
7500,9,SNLE,0.6880499720573425
10000,9,SNLE,0.6323999762535095
