num_simulations,num_observation,algorithm,EMDP2
2500,9,SNLE,0.16711794195474752
5000,9,SNLE,0.10457107114181054
7500,9,SNLE,0.16110506600174135
10000,9,SNLE,0.1847186344870282
