num_simulations,num_observation,algorithm,C2ST
5000,1,SNLE,0.5763999819755554
10000,1,SNLE,0.5389000177383423
