num_simulations,num_observation,algorithm,EMDP2
5000,1,SNLE,0.6114313913199716
10000,1,SNLE,0.6797534986705526
