num_simulations,num_observation,algorithm,C2ST
4000,1,SNPE,0.9535999894142151
8000,1,SNPE,0.954200029373169
12000,1,SNPE,0.9524000287055969
16000,1,SNPE,0.8439000248908997
20000,1,SNPE,0.8164499998092651
24000,1,SNPE,0.7414000034332275
28000,1,SNPE,0.7574499845504761
32000,1,SNPE,0.6518999934196472
36000,1,SNPE,0.6603500247001648
40000,1,SNPE,0.7104499936103821
