num_simulations,num_observation,algorithm,EMDP2
4000,1,SNPE,1.8098818915192882
8000,1,SNPE,1.880531631281059
12000,1,SNPE,1.914161462855
16000,1,SNPE,1.219725208152473
20000,1,SNPE,0.9858583509674196
24000,1,SNPE,0.6371890890071024
28000,1,SNPE,0.48038663648545604
32000,1,SNPE,0.46426686571249776
36000,1,SNPE,0.4361097707221016
40000,1,SNPE,0.39715000053324007
