num_simulations,num_observation,algorithm,MMD
4000,1,SNPE,0.36612534523010254
8000,1,SNPE,0.3914957046508789
12000,1,SNPE,0.381996214389801
16000,1,SNPE,0.19923585653305054
20000,1,SNPE,0.1317957639694214
24000,1,SNPE,0.04174286127090454
28000,1,SNPE,0.032643914222717285
32000,1,SNPE,0.013629436492919922
36000,1,SNPE,0.012448906898498535
40000,1,SNPE,0.021602272987365723
