num_simulations,num_observation,algorithm,C2ST
1000,7,SNPE,0.7770500183105469
2000,7,SNPE,0.7257500290870667
3000,7,SNPE,0.7104499936103821
4000,7,SNPE,0.6708499789237976
5000,7,SNPE,0.6676999926567078
6000,7,SNPE,0.598800003528595
7000,7,SNPE,0.5921499729156494
8000,7,SNPE,0.5795000195503235
9000,7,SNPE,0.5723000168800354
10000,7,SNPE,0.569599986076355
