num_simulations,num_observation,algorithm,EMDP2
1000,7,SNPE,0.061306867124676694
2000,7,SNPE,0.05615058569304597
3000,7,SNPE,0.05177024827625177
4000,7,SNPE,0.047373219862221205
5000,7,SNPE,0.04837221914087933
6000,7,SNPE,0.04378168216808799
7000,7,SNPE,0.03732056708520302
8000,7,SNPE,0.04591018364514577
9000,7,SNPE,0.053138941283136086
10000,7,SNPE,0.056397305867667474
