num_simulations,num_observation,algorithm,MMD
1000,7,SNPE,0.0062836408615112305
2000,7,SNPE,0.0012984275817871094
3000,7,SNPE,0.0008658170700073242
4000,7,SNPE,0.0002892017364501953
5000,7,SNPE,0.00022864341735839844
6000,7,SNPE,0.0002942085266113281
7000,7,SNPE,0.00014841556549072266
8000,7,SNPE,0.0012096166610717773
9000,7,SNPE,0.00028645992279052734
10000,7,SNPE,0.00041306018829345703
