num_simulations,num_observation,algorithm,EMDP2
2500,10,SNPE,0.06144107719521445
5000,10,SNPE,0.05591650085989357
7500,10,SNPE,0.05598339797231316
10000,10,SNPE,0.04917261517728941
