num_simulations,num_observation,algorithm,C2ST
1000,10,SNLE,0.6956999897956848
2000,10,SNLE,0.6876999735832214
3000,10,SNLE,0.6938499808311462
4000,10,SNLE,0.7206000089645386
5000,10,SNLE,0.6783000230789185
6000,10,SNLE,0.674049973487854
7000,10,SNLE,0.6398000121116638
8000,10,SNLE,0.6470999717712402
9000,10,SNLE,0.6575000286102295
10000,10,SNLE,0.630299985408783
