num_simulations,num_observation,algorithm,MMD
1000,10,SNLE,0.0008786916732788086
2000,10,SNLE,0.0008828639984130859
3000,10,SNLE,0.0017070770263671875
4000,10,SNLE,0.00021767616271972656
5000,10,SNLE,0.0001804828643798828
6000,10,SNLE,0.0003656148910522461
7000,10,SNLE,0.00042641162872314453
8000,10,SNLE,0.0012181997299194336
9000,10,SNLE,0.0016351938247680664
10000,10,SNLE,0.0013526678085327148
