num_simulations,num_observation,algorithm,C2ST
2500,1,SNPE,0.7160000205039978
5000,1,SNPE,0.6848999857902527
7500,1,SNPE,0.6552500128746033
10000,1,SNPE,0.6909999847412109
