num_simulations,num_observation,algorithm,EMDP2
2500,1,SNPE,0.3564636915485652
5000,1,SNPE,0.35260173334234607
7500,1,SNPE,0.39287699005412746
10000,1,SNPE,0.3758966307752838
