num_simulations,num_observation,algorithm,MMD
2500,1,SNPE,0.002173185348510742
5000,1,SNPE,0.003896951675415039
7500,1,SNPE,0.00343930721282959
10000,1,SNPE,0.002442598342895508
